;0;1;2;3;4;5;6;7;8;9;10;11;12;13;14;15;16;17;18;19;20;21;22;23;24;25;26;27;28;29;30;31;32;33;34;35;36;37;38;39;40;41;42;43;44;45;46;47;48;49;50;51;52;53;54;55;56;57;58;59;60;61;62;63;64;65;66;67;68;69;70;71;72;73;74;75;76;77;78;79
0;3.6188109775136805;15.06087169112941;25.074198310182993;29.519467543480975;26.44764768930021;6.634199608774212;2.126027448100403;2.069831034834964;30.699945705553098;32.97925752092172;3.6864979114246093;35.0776795772549;16.647630259867423;13.667098489072806;18.83039021863535;7.090658375024889;12.63341296383641;3.919371750168864;17.960980500057993;2.060469196749032;23.444068827278855;3.3747113848756225;44.827826377399084;16.241797232535923;4.7606144944086255;13.54724413917686;23.30227995036358;24.32173336744726;3.6301511832085973;26.063130610840073;31.49844180433065;24.43828508058051;26.36017648010159;22.07916596695631;14.168220298317987;15.940240820625231;55.53919990804067;23.64631746902116;3.271477899605362;28.834764508343376;20.582034381095895;20.98566022147693;4.54330652641673;31.186233691006105;41.73476795088078;19.32254278137067;22.63355127229255;24.322498293426023;28.18180779039029;6.112734455375849;33.4449486098584;27.832571793676912;26.58256314699447;4.617868552480172;44.18325063289187;16.67487646072435;45.446713346347536;6.414085803227854;4.409750003858315;14.799559896537694;24.582288849137647;2.6228843018499766;24.963378917707672;26.181092240018604;31.387630533166107;33.46160656808313;36.516449683893036;26.316646830459522;29.756924658186733;21.287860177800226;31.231087701106645;17.43229746371803;21.500417577744614;10.91901329308136;11.362260386984367;23.1092056654753;11.623351541513134;22.385197811718335;28.681020616324716;25.61008677657487
1;3.362541698506333;13.109071187315676;27.302114116688724;31.824614605499193;24.97447883080594;6.232775430752287;2.1389756682131726;2.070523350991243;28.111597416290234;30.078469020148606;3.607956104947468;34.088832877525604;11.795268761206897;13.913366368397323;17.953174607755418;6.541297745140907;11.202487056645056;3.969543443497772;15.192319940377445;2.0618480874954477;23.476103105871086;3.381565980959126;28.56609859411426;16.18974472023746;4.064284242833836;18.116670642101766;23.002212772268198;16.64481593829073;3.51188057577339;25.23414363878973;29.15463718850354;19.526145557751438;23.756166913975203;20.592856503723585;14.20368830487051;14.241576037750677;50.24477850024485;21.7012329363872;3.3911892293549526;27.314218419168007;20.128273165411926;18.568188518561325;4.517530510520137;21.73244637584265;38.824800378801086;16.31892905125121;20.482255069046253;21.631370538505408;28.178535452867237;6.141219015860597;34.251546680527944;24.830572364491445;25.563867266379702;3.3105190904704234;43.0550826929941;15.441962023620215;41.166731724913284;6.2629132271048995;4.122463785932106;14.336650489001954;23.061562783889045;2.605945731520024;23.98720253466948;24.26934194547698;27.712312660461702;29.671608133065945;35.24609996834742;24.081125138003042;28.38311166330986;17.61793176334398;28.086906165936572;14.92509237870672;19.446512534639417;10.43658173919195;10.20685519765361;22.217320195418644;10.88930211651241;20.544223912655216;22.71822261407406;25.134138718119736
2;3.1156165081445844;12.46805514060194;26.382226316753883;28.992222833974317;22.332528729170036;6.17998543663849;2.140449361680134;2.071195604113117;26.571906180390926;25.927533064642816;3.6424859709865642;35.25952696750923;10.976945934284524;13.689744407951544;17.101841076519424;6.860602802742894;11.39845675028653;3.7610291442520163;13.384338859957637;2.0631980517791764;22.20123366515077;3.0256785285227368;36.141193863207334;14.586969329251739;3.941086367255183;14.40504126079194;21.1898170015014;13.766260142230655;3.388695156346802;22.894207633025857;27.456905205917277;17.748122833854524;22.334108236497965;18.72473805753793;13.351183908640749;13.909514908838647;46.433935203998864;19.620073483196457;3.2716220552155915;25.649751902255446;19.47880734868346;18.7192699453334;4.291486163619174;17.869969341441106;36.23541812493608;16.216040428976424;19.291073172363205;20.678452500974416;25.413943829058216;6.268756431738722;27.267131804022434;26.051281946752468;23.400305124240216;3.064022936532959;42.116561470170225;14.231168306087621;37.67149760613188;3.0265029604093487;4.341295973650425;16.05616259255642;21.521804965646705;2.5782426866904657;22.320756651190635;25.9246824491204;25.029198659469042;25.773364349793187;17.806710439743796;20.2538705172197;26.846834081362143;17.027583022050624;26.91051652056734;15.93580118985797;18.735706738788053;10.261827734433162;10.192900419037043;19.458388213939536;9.687427472427297;19.968556974426736;18.390267480540658;23.23221176007838
3;2.932566734119459;12.167765150065772;23.27772610847343;25.255170116535545;20.64657005400272;6.244457796454719;2.1301896290961695;2.071718975734877;23.999087790522267;25.287924000153755;3.633656062760697;34.24647023848608;10.26663584558626;13.244293291146986;17.22063194111415;5.69015022275947;11.190366417664903;3.608914569862634;10.04051762120534;2.0642675390602845;20.5604315604927;2.987955841610683;33.3769726979264;8.67382352737712;4.157488090818014;4.952046494644982;23.14003654991945;10.72676930137125;3.511747428823184;22.372772503649017;25.014507254656394;17.358379458359643;20.451144302556116;18.03018161974738;12.414972399972285;15.775540511502681;47.50588024751262;19.63209628321866;3.2782599776315675;23.03895457811981;19.601954566987175;19.118423152613154;4.012357011040367;17.31108189079021;32.79081826541954;14.732491924861101;18.858783936171633;18.741953106045937;19.934379334424587;6.143078457867319;22.974349134414986;25.87550342105725;22.990484506380916;3.463252398232132;33.770613641045614;11.891515070430115;33.430465276211805;2.9385636646914812;4.063162454596808;19.381901126398503;20.80598899905044;2.574559306331197;21.42510651415582;29.95734873120189;22.866988726905465;24.5197562192775;24.73356795639921;21.14690673142675;25.771772490321492;15.76502213025015;25.00625591513091;16.948856383120894;19.200930925327807;10.378423148062959;10.151954763032263;17.749645572176693;8.936758703727676;18.438995090938896;16.37591250767398;22.527581300075724
4;2.836507329463599;12.082068816428935;23.379081588972383;23.088689068787893;20.87565546912702;3.3016957911804528;2.1392473140556;2.0719797923485492;22.917718335371127;23.307786982084693;3.5644688507562403;33.87500657639032;10.024645393236478;12.864667654655152;20.667821964630352;5.9443819179351935;12.608313177193715;3.5862638028269944;9.917622521328585;2.0647543869923726;20.241711054134672;3.5736050990145785;28.218637717695323;7.063055455519465;3.9405054317787713;5.793269729281645;22.38577024929817;10.041123999577819;3.6504581317358453;21.165736423884603;24.73396142095044;15.508261477847013;19.6415487875312;17.064243299774752;12.276172201059062;13.63792568084716;45.87527894117699;20.044283761199473;3.284874155719704;22.38935288965759;23.28698791998623;17.92611099285784;3.9018877140601655;15.79830164392623;31.539582425015873;15.525748298109718;18.275137900874288;17.39212041233531;17.596758157370925;5.889631395767019;22.066137746483108;25.17128868090188;22.152994175897252;2.953419231925784;31.286236694869167;10.330404159090017;25.157233483230872;3.215031658672248;4.026818470409065;16.079788233479423;20.363231396742876;2.607694751394961;21.121021045654132;26.753138916623993;22.902979495994188;24.284959412918163;41.83382926690355;21.265908908178332;24.842268209335177;13.967573992680006;23.098706819488964;15.801217408413079;18.721074836067256;9.443882096553079;6.953405980542959;17.777620357495056;8.813718366977524;18.12495398212932;16.004560088839252;22.72650423329518
5;2.7954688525248814;11.219979416430245;23.84587964547408;21.134190008300855;19.744251823356105;2.7160127392525935;2.249182073565878;2.0720969050211884;22.60180424366872;23.18665401299849;4.312229608276125;34.5765258295366;9.599397313362838;13.433689963371004;20.650505931285565;5.600709315192459;11.18696148529925;3.5612453795362917;9.369727958312703;2.0649588890711525;19.6569559275731;3.5045506457781523;29.468907432136415;6.630013442476954;3.5943913109348107;5.638566238123591;23.079946171457184;10.50277849398696;3.2147923559137355;20.87946443341629;24.713308732472584;14.355843064927978;19.757822873777528;15.867275119335828;11.69946356639717;14.26622783774718;46.43480241973536;19.262516694680865;3.2717181964254416;21.721304932261106;22.776431905047904;17.801361830174496;3.7743549033577755;15.023119631019394;31.60653700187879;14.91962212173722;18.105554476519263;16.748088558820434;14.34854258251076;5.920037808638476;27.739173028939057;24.121393130250553;21.0889162292948;3.244173125804696;31.696042040979044;10.06247625169572;24.08063964815778;3.288032367169444;4.325392067705529;15.516540515119976;20.110710822181066;2.5620056972815264;20.714595280929107;25.56954546551363;22.633403427327504;24.28406352503614;35.95736301734407;21.59180368289809;23.967667554389955;13.904225744749604;24.834148894962023;15.758872201136109;16.98428266046684;9.499329574893629;6.356775355076211;18.529127406178066;8.924617482895062;19.505600104405467;15.737766116201765;22.866283848950115
6;2.8341705469747285;10.810368196199233;25.833248485770294;22.448663365525874;19.789299512382115;2.862341327541197;2.1307030289172415;2.071995105330153;22.268796516550772;24.08316611612068;6.288030804040594;34.14708644089593;10.040591603959463;13.506240023955222;20.765917836496968;5.6278731640710244;11.390416000682029;3.566202123795381;10.275671951312768;2.064754074505334;20.530947944540078;3.4020502940061528;27.37714244459304;7.676246373612377;3.692163375418774;6.474271790214753;22.729058411159414;13.616523668887162;3.301195357979129;21.176678188540123;24.690500519054538;14.903677536297181;19.0898414831508;15.379247009787553;12.140937226427468;14.531405359521072;47.50903301046417;19.53184557896355;3.284875750523133;22.980592215319813;23.549849365045297;14.373283538927522;3.7550887528182213;14.353032059975067;31.80458486819487;15.665250265193814;17.65599673005973;16.931880254672706;13.983234170734047;11.288304099940556;27.2475110448638;20.75977818635781;21.813485438676185;3.0165726567658058;24.368444930543873;9.520378619041946;27.387270192166884;3.2084390429877985;5.539552923214833;15.086230081878679;19.42437607852413;2.574866462984205;19.896383093814784;24.674762056621493;22.704518973404795;24.816979020581286;33.26952845337425;22.577255415895557;24.681422020360067;14.305803357475828;22.88556798185231;16.69971873941836;20.09857006953052;9.35566399045673;6.38449485806587;18.607163934263866;8.846977982731637;18.538712958261645;23.83522577934323;22.706042701638292
7;2.8553009952433266;10.706145984742124;25.86663969954801;19.509112191545615;19.782802880830815;2.733437276746273;2.1278460545517874;2.0719292128232527;21.824415504133032;25.389390843582827;6.737859319542625;35.067641963064176;9.74427654752476;14.06726356767623;22.18835097550157;5.413155246326624;11.188047770482658;3.658934327634377;10.324351326959343;2.0646925084281085;19.692994793384777;3.0453649101531033;36.70640421129784;11.125873523856844;4.281436905788214;6.337494965062623;21.89557902130679;15.934874450039544;3.247858862004207;19.91089477426552;26.67276201776317;15.9329968478448;19.836343566872046;15.729128308027649;12.167045986131747;14.288148262938533;46.8837602589302;19.67794709468639;3.2563725635356913;24.40786124007264;18.99264043250867;9.213144513342428;3.9068851098148483;14.00848868551975;32.14397847498255;16.622769772158453;18.148842398394464;17.601619577064454;14.374441954788361;6.117619273554168;28.2165657976713;15.633215207402598;22.362705550007828;3.446158270962206;8.96074231734483;10.146743761945833;27.67254716942695;2.840152744415492;5.470439819222392;13.656562460466573;20.277887529421122;2.7483208708866425;19.23873219886574;20.50607882763618;23.05099501100344;25.374165198268038;31.59544797037457;20.816027164139317;25.470677944001462;14.988480198735477;21.109947128533037;14.700236493294359;18.467421846884324;9.14746357375773;6.041682509620569;17.98845311130382;9.066103094956008;17.625337432125832;24.740849278769794;21.945968001185403
8;2.6963935103495156;10.476105762006323;25.163214813082057;16.001383091084648;19.132119440973835;2.8474208914203305;2.1287677888437533;2.072365387821913;20.023140446400195;24.628787005830453;6.354967392155523;34.2631677716007;9.21437132313532;13.918735321950143;20.90993656880625;5.623026298680646;12.400382679016685;3.445147796497207;10.44158491775514;2.0655458266183415;18.50711880747876;3.064867975045235;24.72946002683073;11.3843266912982;4.524352515036218;5.676085709027865;22.349933614933953;15.421027330083485;2.9950136918921846;19.70860979900038;23.273308551682533;14.737006354646127;19.497171573897678;15.966477464346477;12.058722252812752;14.466493115523926;45.42147096916343;18.085563279167783;3.2717473142759723;23.031796368826647;15.94138810973249;8.669710262836903;3.683283860017472;14.979376039942938;29.03371096918528;15.9849313777577;16.51828256384826;16.75306235337006;19.150481291297588;5.869915156262259;26.969861970648978;15.99462461648673;21.121211561732977;4.1529449491163914;9.47845120526409;9.53640187736509;26.795025362873105;4.120080983891517;4.0842473941963675;13.668706676643783;18.24199893720228;2.7627434036876153;17.515499291902227;23.473588377629152;22.098752591357893;23.68330208266634;31.871394758177416;21.87403218259587;24.056288979511447;14.243290354211465;21.257319560469377;15.672411446133397;13.50623856885279;8.78465975863459;3.8083998794275473;17.378289516345124;8.84269798920018;17.171561165578204;20.211550029620543;20.276040401869576
9;2.5986886220095466;10.663860007416094;23.723955929774228;17.3483959709946;18.280446794547483;2.2123445131801613;2.1265928581686793;2.0726363631759956;18.939018829752726;23.891128109978936;6.754835235153621;34.92278358408613;9.397056193899994;14.516522789764721;20.230163126481877;5.499520898825586;11.181031931086629;3.5204457369597355;11.533146108007085;2.0661040715885224;16.98832250383084;3.341315476600825;27.356576331922795;8.587513335064349;4.398134914933091;5.598171639191664;20.24064017202185;12.637942491504841;3.2547176146143864;19.07085843686267;22.59146948793282;14.889546328670408;18.415575080262776;15.242580704064403;11.638839703698595;13.428726923584422;44.51602556800056;16.90490822049482;3.2433577211310514;20.656014765573175;15.873016639655061;8.92756387389638;3.676528364737087;14.305607642987022;28.23942842580663;16.208499065877934;16.66803989366411;15.81582358022958;18.59647676596611;5.905849332181404;28.25992733773242;17.316016103759974;19.518522777361834;3.9720302769194227;8.378572386863038;9.676000522898317;25.675155815492484;5.306210715635302;4.149229202244394;9.09472487919097;18.055662904757654;2.7747250031004977;16.43173850745274;26.0776114327605;21.54537595593148;22.73981274734643;34.673579060868654;22.15645444040337;23.626868540745885;14.651328322897156;21.965645914497596;13.998279122287958;14.437964201555733;8.567352357973773;2.5784160118822914;16.160326877046717;7.909938418749461;17.14666589784944;18.13807185251245;19.408827649382026
10;2.5140618911135846;10.442763485308685;23.25097608666248;17.383782553715324;18.603725537174533;2.2983266884937255;2.115952706038373;2.0728305523658466;18.838280347436655;22.48187181876747;6.382684267709358;32.70594051261042;9.24442039830714;13.790194672703885;21.81299385127762;5.810530311730176;14.837857739597132;3.456990578106991;13.794431305138003;2.066462147454322;16.24499384284394;3.287769152675937;27.270259446864216;7.275688932395276;3.9613602197279154;6.177990986019813;13.575287057136226;10.719053524528183;2.97010464531269;17.732652433638236;23.056976631258323;15.185331809055521;17.69820994960177;14.602162917016903;10.572316947985685;15.274625125419378;37.691326461080486;17.523232916179875;3.0992030346044928;20.97891491307149;16.734546377770403;8.008921213802028;3.5122095142026946;14.22245023400602;28.286870419675548;15.655776460131232;16.821640403930758;14.78016190215819;19.482730539412717;5.85616370519078;27.390668314633572;15.88731128672988;18.53166505309705;3.3277750470634104;8.11923769830161;9.110717343337589;23.816458485031493;5.336291552042803;4.302326113027462;6.6936927044999965;19.500554836572643;2.8079152409063313;16.52290660388459;21.676869007038242;20.677752359082138;22.435246097360068;41.15282627320448;15.618784109451328;23.640239908298735;13.742723092675362;18.117058656751663;7.256507059479718;12.737143465317768;8.558290125162692;2.735720034574743;15.274128064995605;7.9586389981482695;16.61441965316765;15.379243837995618;18.681238741269407
11;2.451938793450997;8.264283907421438;18.621290374367995;17.554407541136047;17.21398908922346;2.1984237244942983;2.1217968120745203;2.072993391031067;19.23347067701059;22.145911885282715;5.540908218478001;32.64753663999461;9.331594825858534;12.486222925317055;21.264008218365262;5.583050850817987;7.568062761784742;3.889019764467183;13.215279387268094;2.066789077215924;16.49615942660505;3.3078496276236997;24.890379579485625;8.724931457218409;3.2413300102233826;11.338613144371996;13.17857828821816;11.100465701691903;3.136618321437603;17.55322101815884;22.356407917961132;15.515418127667942;17.361607163284507;14.412296312848241;9.95152483249124;17.859649844736623;36.04773277633894;16.307755186688937;2.8419643298151445;19.784928948652922;15.60031532036366;7.98802444636911;3.43838271986399;16.336006861714313;28.639988283318523;18.079090344265488;17.25717583993577;15.265410203015165;19.684097907025052;5.806595676234334;32.332902058420856;15.580118750345582;17.696676271236786;3.2114541481753682;6.3078344045194745;11.23019224094762;25.065673537514254;5.153186062056517;4.0114765887095585;6.29519248402742;17.915263228173057;2.7540155621881715;16.799018286102864;19.798663320325822;21.03028814476077;21.750487265413913;29.498701782974106;6.365332503257348;23.219290966087634;13.860518699253657;15.083735657176717;8.745595045982672;11.431487595338485;8.900541840110773;2.492334786784765;14.63445765306667;7.757389679142089;15.932920888980293;16.39603976806157;17.208852231012973
12;2.422122085046378;10.225607312931075;14.96275656561902;16.088289032413623;17.33142328907077;2.3009523135903165;2.1191072432599647;2.073073904748634;18.569428296127793;20.281212300073847;4.559579092396696;30.18485483104307;11.990139880423776;11.269529794257318;18.611986356016423;5.879453465119358;8.762634019379457;3.43661000270837;11.157595745250653;2.0668419042437702;14.877786560844292;2.870768953274257;24.896669917118533;7.2549442087631;4.076311945148203;19.973674205830488;12.734104260437965;11.361968164929976;3.1042071453605864;18.09899127684438;20.56094504759533;16.41504479446229;17.47376353010121;14.97324588706633;8.897375317770345;12.008402762834205;35.399723992731715;15.011728631448623;2.8679562101325;20.014953037546473;11.860324338532598;9.325258119576041;3.3112343567055307;16.21263835670847;27.423165589113857;15.843547747707568;16.05180944075286;15.664822594193362;19.54878984257685;22.214545204343565;29.15664043706425;14.847534188056063;17.394891976129557;3.4121543366775593;9.014499398263535;11.63412951189963;24.174752670888886;4.941316498345899;4.324072068370639;7.140245387812329;16.89068469196239;2.7680514754253256;16.180772890994607;20.350122168697652;20.86995997771101;21.150076627213128;15.24802713620954;4.739140120992608;22.916933450687026;14.145745208271876;15.075285652828029;14.054209734328648;13.010621693547966;8.652879530589736;2.7714638987612514;14.385343243380344;7.51345483825326;15.4390753749376;16.436267775278452;16.631293228680157
13;2.518908766767317;12.821482826187761;12.990775905145224;16.665242496732503;16.7165009940265;2.2000007607797247;2.064550441841945;2.0727936090640187;20.02108512323301;20.64394787302522;5.531980439667631;31.448551861602862;15.21519902681774;10.070851022096853;17.669319734704708;5.77612306615831;8.365158459346194;3.2699706126174135;13.288284948342652;2.066190026710212;13.63272645293971;4.09837061247119;16.974834002021495;7.236875334511732;3.1819236351822573;23.673194038403906;14.708609732049899;9.95587593884563;3.14949374422008;16.64792579062829;21.636061417808886;16.473861306970445;17.53782021539761;15.223050655910553;7.992962377867027;10.51894943879298;34.029288843214815;15.237173359710448;3.208594192739277;19.388541361275;13.498278810297856;11.239815413243779;3.4438990903652273;18.99112266749292;31.123387840698264;15.30004621644338;16.274595416948628;14.830269246307509;15.493278702235713;42.86458088817907;24.391629524971393;16.621635607646866;18.016122729709966;2.907346488443313;10.479905820793135;12.564212209116823;19.607862306413697;4.739133208919519;3.628993348690702;8.153686550159412;17.504032139737923;2.8918216410278164;16.52832719247788;20.2924439279526;20.48291637797865;21.821221846786163;10.026913850761064;5.343823029477036;23.439836004167837;15.72567770211478;11.182650532740967;12.535457890074934;13.615436350227252;8.463483369450016;2.553777630219643;14.023427904101245;8.01205711682814;14.632087022946488;15.340086550835409;16.398481145547393
14;2.672655096394327;12.621239271235027;15.910304796966654;13.584495091458294;17.476008504198308;5.081321341150276;2.063750854514966;2.072371826992199;21.52448278741921;20.87586762388113;6.03422409296451;31.968137116847323;15.592190439764227;9.822178984114792;18.649857922039175;5.396922738465875;8.567375768383743;3.379615468023666;16.966402724725;2.0654936559355144;17.914983214431356;3.3278237140213274;19.00635155822187;6.785743912233322;5.102669555002602;34.78342419293004;19.915165800806474;16.11319445818349;3.241377797574608;18.088921982001786;23.15519739566519;15.791944931248969;19.53533937467428;16.497074611582864;8.94047537682851;11.791778567507341;36.23900973276519;15.144921714902368;5.381731512167582;21.853284681316875;14.435952355791045;13.371327801550725;3.430566489881922;16.75124151954051;34.17399110819542;22.841360714269328;16.979214681571026;16.059505235111942;14.736164438284433;23.382701672639314;29.546225175032742;24.239168161198865;18.692134110337392;3.277512215146481;6.641632183176139;14.240177662912764;28.111308277262392;4.5681674029501265;3.6639986438497902;11.507423816912048;18.768253179258657;3.730162691346194;18.62557820658711;16.685898126476122;21.733416060417774;25.978132623809337;15.562894049766228;6.250404610539348;24.501839881179734;16.490171285661113;15.402374538962366;13.08752883434797;13.676865054814089;9.33706837810855;5.726601224634305;15.398777540573377;8.797712906913144;13.165520367147565;21.565098932280254;17.72021900969489
15;2.7596724280056355;10.219657639536328;13.412716888526512;12.189053762219617;18.619155434555967;6.778826085773851;2.0631577001431802;2.0721397679507754;21.26512539436022;21.603685258996688;5.323158973246667;33.376254632729726;8.975801648997614;9.955325982121868;18.39865682193279;5.66996034151477;9.370946643674301;3.4377453469967865;18.58370760377717;2.0649532079708464;16.826901995740908;3.007252014748676;21.597463260963742;5.986119727284396;5.217445945139208;15.594436054454855;22.341835663851516;8.658929403291845;2.797280195529169;19.91200449613722;24.00090405519622;16.774797737063857;19.47141725456021;17.486715846792993;8.660348493693627;11.046990268397119;38.8542091469511;14.750910215370835;5.685854450790742;20.376141673575702;13.6586139293626;16.165649185884305;3.7313902025417502;18.38739582880478;33.912926752155904;20.716974620530806;16.546429467119015;16.299760163957163;16.102974374915267;41.01620638278905;30.72941286175313;29.07807536413361;19.726047573144488;3.0325969842415454;5.345810460712958;15.613963509252113;32.30383762292993;4.324736956491361;3.5114191678697395;10.984784340951155;16.264120909628208;3.5345972608326335;17.38467430756752;18.29745247563724;22.606795951958205;24.22328306945081;21.80765868709307;6.465413320490174;24.727316161939772;16.500844304203024;14.183634686694935;8.83191187520625;14.152149898228359;16.44784022989896;8.248874481986615;14.388705986989676;9.26365693708689;15.583580268791309;16.900484881816613;18.24841594491907
16;3.0435263598283036;10.333943638092794;20.333396286084774;13.037825664383407;21.638003562410255;4.475972664472734;2.0615444932110996;2.0713843444687225;22.98472130778024;23.95007919751284;5.162991025260075;36.04858647370265;10.10773760888004;11.448585198012022;19.716935302296243;5.718093404980687;8.974678273711339;3.558167667206967;24.49324283638973;2.063501349367583;17.46224475093522;6.465762925648863;20.15099719512556;6.6919664169572135;4.179655097314305;22.71887884789407;20.05227446975532;8.124996887179561;3.019773585351059;22.857218777503693;26.24601828283954;17.504804398689263;19.683961201318255;18.50328833986417;10.13636750622642;12.184165687585965;46.05550418720084;15.796652193053093;5.967410555226885;22.988142231210944;13.950224464781993;15.360025543714597;3.8878573291354495;18.071667061572512;37.118664599382;17.383108642831676;17.888598004270236;18.313079495643866;17.826238225667858;42.24069951965639;55.62723838712327;20.89286857124718;21.64778460441388;3.395075313780117;4.6114043041781185;15.565784030746979;34.346078293949326;4.0125556957538135;3.307489271644068;10.6434645514833;18.88779504535132;3.001868106499254;20.250911140957616;26.893702252106504;23.439992453905308;28.216888321800166;10.359984858902353;11.959931543170686;28.83467622861899;19.00378784635067;13.720546384594432;6.94819109604734;20.635368976262022;11.666022709783013;6.22271747768564;15.979459871547167;9.093961393436208;13.976646349136775;12.875443025223523;20.80287952862114
17;3.1172714114789586;15.226562890522072;24.278387663033005;13.446475010615591;22.07817793742541;4.587552665271731;2.061114926581904;2.071178760543731;21.04951579792522;25.194207335564776;6.907775563024751;36.407184426488364;10.622912921249597;12.110658792421008;20.126584843569468;5.76877147234614;8.57514448469016;3.8847654298155327;22.23979594033173;2.063116437032698;17.39501200165408;5.936145641271495;17.54259539116174;3.6705657764956934;2.7012732468346576;20.175261014678323;22.1856985562859;10.811175498893782;2.894036532928565;21.835321220035116;25.236378635703154;16.137336956209726;21.4583550506976;18.598768399952963;10.546237046098243;15.965399623898724;45.98664234383814;15.972548494597207;7.067404937858182;25.276173919895406;14.44823487554347;13.54899577408177;3.858040882020824;15.644796673734213;37.94320536127167;23.663518255485826;19.18308470434817;19.237726198192888;22.411047610767447;42.108547120436526;75.4429607498733;18.459661665276155;22.39337641774486;2.92153581866948;4.31594073921411;14.437766980819355;32.63070093844232;2.755250660089145;3.2274365171402946;6.714716576101153;19.211964963910102;3.2088217469905005;20.345237777904657;25.622598210392205;22.821380770524524;29.082583080253176;8.016049722409777;11.213871163043446;29.113270288040503;17.87979422466962;12.145762037423555;9.03892247570771;14.449717389335353;9.562130032815823;6.367930585155855;18.371349585144;9.754875565602772;17.704837006664544;13.406382665875046;22.73432241980546
18;3.4317975534016623;10.253157407450573;25.298854998350244;21.87734702737413;24.10128706611836;7.136275979049669;2.0591614800536657;2.0703196654882303;22.452954644837835;29.134733085144855;8.529519076592216;35.48883342366986;9.952093343526865;13.210753884923786;19.879957435436975;5.589864124902203;8.581202615091714;3.83529998375971;22.859432409026084;2.061390758555;17.91960302935881;6.282291410040883;20.151745471396282;3.5835251312930416;3.742119574540534;21.467745759774466;18.01249702659639;32.62307333658296;3.3142789476266623;23.295130626728785;27.709643654623793;21.805724599058024;24.145765743164123;20.640472894527047;11.769624253884507;27.21838954541728;50.18069313229498;19.11125521766785;7.077308869951371;27.530494685813224;13.684257605300987;13.743682430096115;4.041000593357276;14.941879727180185;41.37447879759083;24.841024519974333;20.231349119928467;22.677542934209207;26.49587890189978;43.60338056886318;85.36455383427452;19.80327057283636;23.67663256221699;5.799038005363834;4.668788627521833;15.020896041133641;40.30183105819676;2.754337235799018;3.422393566593364;6.796039565819006;20.06854488855316;2.5446426788265617;23.4767310477251;28.811563845010728;27.42909346480058;33.87473167822777;27.841080544934165;24.66004405570508;32.719177622703185;19.98159272761911;19.24301042243303;7.1707172549465525;24.90940295005027;8.46187085388825;8.563968498295733;18.79466474575076;10.086436152643596;21.064659992602955;11.021009590188529;24.740319653804857
19;3.635930454315514;12.097651070748284;25.6276090849297;28.930441214852554;23.998247537576244;7.205733282086113;2.0579143343223327;2.0697768743939062;23.592090452146497;29.872471603763206;8.262710339677337;35.263677406073874;12.916110861373983;12.320269651392936;19.81037512270683;7.004120102778471;9.994205481536362;3.703238602056162;18.912662326267274;2.060303912058786;19.334677236935903;6.206335414083752;22.131566343646764;4.191653069653734;2.8493356835777433;20.513097313904254;20.741120087976892;18.125746958395304;2.9615374644068213;25.767238453142106;28.94264728876168;20.359879425081846;25.70300823288219;21.680515156094906;13.66885645873473;10.90274922050656;54.93838717178517;20.540034762792068;7.265510361373163;29.620984835355586;18.744339476832298;25.913059320227028;4.03230666765954;13.847961886711818;44.16136215871408;22.36532560772029;22.518206160914744;23.061669212863713;25.85123261092957;44.277158789073034;86.75434394596168;30.55970122754087;25.92363945124802;3.3272099766117904;5.331654213494977;18.476051098758855;41.07256029519364;2.7597144067148083;3.1021003103992464;6.1564097304426815;18.939610184052757;3.1074365025284982;24.163484263080022;37.09210364276583;30.593700562691794;34.91532371751962;22.32883508756183;33.79163697562669;34.26867498483759;22.203901613980427;18.211383869705962;8.308036295502472;29.008123700282646;8.51312486150674;10.937035658218342;19.94937927334906;11.5322232097469;24.527559363210074;14.525880565867777;25.840413244270028
20;3.9371964844706606;13.799008825451137;31.26805171931685;31.523113640402073;25.75586951010353;6.775178770868216;2.056024894300385;2.0689470637222525;26.7557148553074;31.32515951363487;8.617187580510896;36.452506089749974;12.905473011295355;12.136283740630335;20.72400128027398;11.464086405595493;8.791444075540412;3.516746817153694;18.451298964724536;2.058647862469786;21.639903342354422;6.061195131553574;22.031503484544405;3.275914482419516;2.8240889633032245;27.61215903901989;28.173693179382376;18.19847043194297;2.910699784905172;27.43059930653995;31.183979710802586;20.439044143110305;28.820968605248993;24.92000824063398;14.302956919468269;23.023314863799822;58.84970441714482;25.50000694387915;7.494620658460073;30.82721485716532;25.021986719557805;35.580199422900996;4.159160620068314;14.794179061266796;51.9229206602313;23.022047749730053;24.62865719703115;26.0973487720888;30.809118300092997;42.09614256561828;87.51022768648971;16.588222708818208;30.98564084949454;3.2766082621591694;5.00966684412791;19.422476743078178;48.23711346934066;2.6880887545560253;3.532558642755034;9.106709600823642;22.571776593755537;2.3670398213081723;26.61963834017036;41.08429589529784;30.845208813481477;35.90341236551383;20.946743289844548;34.683586393949064;36.0448446788352;23.035454619943042;19.467723890086923;7.535354590110101;31.546603201831076;8.750492695305786;9.75992706835375;21.23074487972671;11.394832826594497;26.388936154919566;11.298511536530409;27.051773650751336
21;4.0475023006051325;14.396607083219623;46.42023259280946;27.296449629373846;26.650603732551946;6.501389183505947;2.1525089662812373;2.0686145732577885;27.833739453847922;31.227414758066836;8.308904083907189;35.04272154072196;10.51512913950118;13.294518159425433;20.595825658252693;10.685587171465693;8.794142817231139;3.8703991470999024;17.820739807765683;2.0579352483202573;22.048632414615998;6.00799620267232;24.302943530510284;3.6891508872475174;3.266635817249309;20.765323797610026;26.23834538427743;14.748922930812073;3.878677445224013;29.784152095069572;32.828858813760014;20.52047546284583;29.271188334076374;25.722918628590346;15.528145121119117;49.123716966286025;56.43175069182285;24.71768756994078;7.384508537028863;32.71698467874971;27.900002803376207;35.36550319385072;4.487162859476313;19.4854442096838;53.25092614193239;23.592253771929453;25.064179573616208;25.371908061663227;31.676208064365273;43.646076207754646;84.85403096578801;16.919927414904233;30.206795255440277;4.902664172024828;6.029029830745208;18.400207760555183;46.615406037798415;2.6818508619994357;3.3406613783102688;8.83607361974416;23.179907145238825;2.3722865339185035;27.399355028606386;35.83156480644549;31.561712138777416;37.65468773542826;23.798003939683046;34.58935820910941;38.7217708735533;23.512492288506127;23.045631152224402;9.099005538916186;28.937001633512306;8.752758812482938;9.416087130955638;23.57937000807208;12.166264066246944;25.591991200593867;12.78733450124245;29.732339782295693
22;4.254264281140202;13.304365717096978;45.90266166711743;24.211410513688598;25.76270449525222;6.67614403103404;2.0540102752544316;2.068072786574056;28.925694025514836;35.807611435993294;8.551962949656382;37.17721329982495;12.667959114981958;10.376122862477628;20.272818290431065;10.442964919760275;9.200640716117551;3.753323833256269;20.358506996087648;2.056890445412203;23.73157949531265;6.041181186944881;24.733988518438313;3.445528415263365;2.9726470141741492;21.333225490130733;22.578090676552574;13.857671656678713;3.0820031314276273;32.036119032830086;33.94356303370331;30.207122748343256;29.779437499290353;25.81914876145811;16.938916472610117;38.49374120149412;63.43516613038197;26.346908906780452;7.60805515306547;34.280449195067334;32.41413436828221;38.28170003801832;4.727678715994745;20.459259949863636;54.701144322787734;24.423066279697135;26.2923237665251;27.115402736227324;31.688445406997268;43.038473117378565;88.35802436516528;20.947768257134836;31.46799809385007;3.654822054582728;5.201458843961773;18.800824504899325;47.37276030406511;2.6350864775141467;3.4980629051093017;11.604682921092667;25.29212105090412;2.3465013530449372;27.9107435068992;41.122659281785715;35.05328788580371;39.56856075772347;28.44202596166106;33.67099069683266;37.733434961493764;26.390847634068948;23.43787324218892;8.660632546308712;32.43315534354107;8.740014854693714;9.783351096706665;25.178785548611888;12.263587198472344;27.135425137035497;10.922068529769287;31.864572798043362
23;4.324109336469993;13.738580976609793;47.343577947001585;20.334556093596337;27.349049443325168;7.487533979172234;2.0536492060616975;2.067870500868651;28.456309770553233;42.45432776703635;8.54301443700784;35.28584079501807;16.04487505008851;9.86068733387512;16.723295254467494;10.448443223663249;9.808003974579309;4.325854111480143;23.169695174225723;2.05653059234952;23.404439146332436;5.9559051140634525;20.75950283463686;3.3431277166304807;2.9852189360729566;25.09582481361623;21.188229303174065;13.28954719127395;3.14722283871181;31.634927115120266;35.02775187419837;32.81345124289432;31.339819783569016;26.8629577995826;16.522159469926525;36.40156827931682;63.220916697703686;25.245612855449696;7.505370642911975;36.119105394720194;31.226224862011627;25.696389738642967;4.812289599048825;18.061249910664245;55.02463685885432;23.1284673137905;25.85158487480907;28.97354392000462;34.79037081606947;42.77774233437601;88.09498606392765;23.956436606288438;31.67305599197665;3.7254568565492687;4.634825880226498;19.807944348692946;46.78816919653682;2.556119844781553;6.33147782783731;14.803789941675523;26.69304296404251;2.3538462212684474;28.899589677075106;44.233065231444925;34.554718023715395;38.68164601262754;21.97771470295248;33.863006859089246;36.85849335302942;28.477878205975067;27.33315252472713;8.10034681423446;29.721610579314877;8.98208884024641;10.415898010021102;25.471831608033035;12.488020286646545;24.91251249340551;21.21150949908559;30.480602821816422
24;4.410100217343637;12.816311896576233;45.84933384555184;21.720897531077384;27.433252376582768;7.97057077712397;2.1656280359280538;2.067606623671502;28.836250257392116;42.04539240914175;8.976134684492356;33.61743448169223;16.365335749694708;9.873370129816282;13.87104455113872;10.224154347027325;9.002602968720202;4.7754854796986175;24.30650466678279;2.0559670404094477;23.638992688381453;5.964798146766427;27.245982510470323;4.0117813482278555;2.7741874819116714;24.938096877696783;21.591010736768396;18.54443426784382;3.2465579271921454;33.12858959185212;37.93223892714142;32.63482355633667;32.92843573502696;27.008012688921806;17.937723139206938;37.074042489039414;60.69480379263082;26.52245941974264;7.609296588559398;38.17897450116076;30.280398352419784;25.95324487987004;4.82608529138063;17.90077000204788;53.584369567495926;24.99759716420449;27.268620001715387;31.309145251641525;38.98912814032008;43.75645254631391;88.07903074417706;24.621444201784083;30.39779787126414;3.1269507888561634;18.817150567741333;17.389560270501196;55.89504358845373;2.5612653923773867;4.742532929146743;11.957110373391494;27.720857394215102;2.3903123343737507;29.672166434263925;36.98660840092051;34.40536292115397;37.955217988134;21.385906474639217;25.845583740133048;37.493736999083474;28.129439951304043;30.197519603487226;9.025875431414562;26.520490890915887;13.077453119541593;13.683833755141958;26.36793330893058;13.619143726442246;25.741622189938806;45.19614011454585;32.249849457544734
25;4.639976646469443;23.326922021563785;44.622266023916204;23.63046216038695;28.0240792360526;6.751007951411054;2.2739449846591713;2.06699413559111;31.4878507462996;42.197248006733304;8.21725916705466;34.028382087991034;16.754433446648086;8.827437259253399;14.954191288623248;10.212289511934305;8.805572839676373;6.334322448865143;22.200209208214382;2.054776204144832;22.631430677244136;9.176616364642433;29.97450616056249;3.360003169138459;2.7977369143158377;23.5469042866821;22.627408699770747;22.9523621154712;3.2463813784521074;34.05627214517004;38.710364253013886;31.85220638809029;35.89588968426353;28.716225791639143;18.905271875367962;17.468076061203536;67.05894379284935;28.1918879000737;7.8470178718240104;41.10238387893512;31.40559349250786;24.10583563799424;5.1951705332560545;23.09260995359964;56.86146599237689;23.794573796096742;28.850709016683656;32.74518164240935;39.16498151077693;44.62957392994063;99.67742288575533;20.92432778313234;34.159460822711814;3.1926274329066704;32.01490997950597;19.3650918381295;65.42482452375312;2.594010561135452;5.811008421916107;12.367830478841674;28.793348520921185;2.362084759691591;30.213292436333045;46.94318769820735;35.21780902090762;39.064490692478714;21.13010324009097;23.053417341672528;41.84581584068503;26.469323673911415;38.9255809132692;7.0294100316685455;27.0183275151251;12.016422475534188;13.254058166153687;28.471197122090636;13.888376904492775;23.39797956850006;68.26795623501116;33.752357628454455
26;4.736053834921674;19.02021540494176;43.51290307338205;21.360958060847917;28.24990809223754;6.8862022689205675;2.255829209346275;2.066737300359003;31.270141858661194;44.15457324431491;7.928732782716338;33.25222543286975;16.862918896838945;11.457337636769944;14.597783461177158;10.17780851260107;10.020689320679054;5.669875345502818;26.914269399452422;2.0542474803685256;23.62777755192845;12.028337143210639;31.249365257302212;3.707607102106414;2.547266194743081;22.62320283102117;23.916513769219275;24.21428850519579;3.7869000438118534;36.15943021907814;38.89284935420904;27.44510894048136;35.477125746375094;27.433193884241636;18.77463839290911;17.34835928323258;70.8749461702689;29.93972105887524;7.720323534782943;44.174896713588964;39.493075865505;25.148338720027507;5.063955466732992;20.995740666089144;56.906156027607246;24.811779561073973;29.79034054894219;33.12203130564668;39.965284493573385;43.18996089777967;103.40859623633236;19.09866035447273;34.458776586459564;2.8709018380661764;32.41581592463956;21.347174860261394;67.28953666711764;2.5490193943168022;4.14849429659888;11.75267805235382;27.03515755223082;2.348218333425258;30.97432308881931;47.23410614594998;37.15766947427885;42.89378117657527;25.205987857215668;23.63494152915057;43.17751469036516;26.32577389075255;41.66416283755513;9.214047357414264;27.44956497695965;12.076017807404114;13.682835721927908;28.7568178399581;15.183281293258108;29.51385710181316;58.8299594295858;34.015558336900135
27;5.114115281662431;24.000349035821845;48.149106576538884;27.790964923966545;32.018343833181795;6.9535959125130065;2.250359780994589;2.0656832720244585;33.01672736636579;49.40043450164428;4.955810408987058;32.950777502649686;18.861686520780005;11.019188650289058;14.700889218700253;10.424249055651066;8.814848920753692;7.3407871013551285;29.293833695984805;2.0521884999290014;26.135575659786902;12.137733956051248;39.920334229112434;3.814988841449186;2.8702180810819935;23.806885225438307;23.482276995597655;26.75452694850595;3.4639752277841116;36.35343530361273;42.73741897737341;34.15200170804249;36.68601333610069;30.384072784592515;19.269170554267653;38.4223083140215;73.5860213732937;33.3573818251992;7.707298159118086;46.35183027513905;33.507325196304485;25.507231773428263;5.699503088168903;22.025286369616058;60.552043831024015;25.070211259858592;29.879104188489936;36.758368434722506;41.07732924017826;44.674475665510485;114.75193153280475;20.843165166439846;35.43715063326033;3.37762801214941;37.05902085484928;25.93964577145097;62.22568629972077;2.779578824022758;3.56802175944884;12.232359818687623;32.883262271357516;2.3658803703422766;36.0630724130828;37.9687126042754;44.21982079622843;48.42771048659239;39.21483508660304;23.32397642934595;47.647012607875986;28.934785748399495;44.822654140741356;9.747948019986346;29.267048992795235;17.477191727750203;13.818634140812328;30.845953444380676;15.993198577086815;31.085079734692574;51.82899222367209;35.41929666359457
28;5.363647991363232;19.684444743240327;57.37582297257995;32.959847455741404;31.527584366102264;7.357127169769829;2.2491154246537812;2.065010493429291;37.05525147360017;54.34282284836355;4.5334381680053335;32.30243686643827;24.672478820511827;9.753275904554405;14.826359945479734;10.993162856645277;9.021485483827071;6.728198789489719;22.866823793980007;2.0509005794237383;29.34743905052686;12.202175917400718;67.74374075166885;3.274984880992118;2.6354526921745305;23.346110363957663;22.651249922797355;26.68570367459654;3.2862349063071274;38.83105203442525;46.03057543120408;37.538574791066296;39.193615477535346;31.372987452515705;19.62338923732666;39.61047388749578;79.64825769659156;33.99287387425826;7.8180594650822695;46.408169889655696;41.61205192835858;27.518307954205905;6.142881393248837;20.388258669299464;63.09996823953289;23.254964834852533;32.65384478895572;37.38396493523118;38.467035839023836;45.127921747754925;96.70177046775716;17.74677018094339;38.2252705332675;2.732095382432518;34.95612003245498;27.888063822545362;61.678646421306695;7.423620552429002;3.4984212017325156;11.863712690185519;37.26514477577678;2.39041650848142;35.53391794123662;46.93653912603431;45.49222010841678;48.606206250547416;37.129628270045664;31.509768492943934;49.442560453543805;33.82402754336136;50.08634182971383;12.544137277217077;36.22095477283287;19.745330166815936;14.512052581353666;32.10625152017702;15.1288788334202;35.361933943482526;53.80661048525778;37.00614473264902
29;5.466167975561693;24.045875555116005;60.85479378995434;32.79989108729762;33.58348072372441;7.1594271704304;2.2486857376690184;2.064755523177447;36.90865686195742;54.66583447488951;4.26506963681157;34.128969653072254;25.98701314900087;8.510352112100252;15.356740180370979;11.133194728038262;9.22520757064559;7.246242974297014;30.390658009883857;2.0504472537154594;30.80438078330626;12.229254572018945;67.14689341574844;4.17902494731697;2.8077591460303917;21.445652180769773;24.00689417688125;27.870737211363;3.5754600829115697;40.60911204708903;45.72370249145102;33.37812160468193;38.621552640317745;31.334092893609217;20.23112324396239;39.847751924618926;86.1147012691649;33.947741332642444;7.394337195923582;46.843193112893715;41.37828510017189;27.649539294061213;6.192876331720341;17.81885353117925;64.9669036175033;23.38482377700881;33.192943964722495;36.73697283262385;38.895394874674444;44.29582460675937;109.82196694871304;18.613538897586672;40.46846005003483;3.2252065183972696;37.2534929193107;26.534472125255938;67.95542507746762;6.21323469151882;3.9752489769156374;14.050497274080747;38.01493158479041;2.3528980715266234;38.19398316329246;50.83331101668016;45.802512785335175;50.34643608572108;54.262706134744384;35.77539435854056;48.55327326527422;34.75120899043729;36.96033060701068;15.254414577018965;33.563822628958754;19.19659457146161;14.264447674998934;34.655566616711766;13.905849960408132;32.354027720221694;54.09403921625315;37.86811215429756
30;5.616875564974457;25.95447018114348;61.83756632162473;33.297448682966305;35.71418850287192;6.859947068877975;2.2477480457340993;2.0643334291840727;37.64996920892324;55.15557270775477;4.128098091096393;34.50302900745545;27.453706413225383;11.043007973399396;15.619556881041092;11.22634307733978;10.040657375338794;8.08698072596821;33.4714078621351;2.049531655157447;31.148089547235802;11.924003036802509;57.90663594398284;14.51868298896607;2.5662251929479116;29.037647690986972;24.002171064515817;27.445208517704028;3.491812949818861;42.72256389486315;45.9969163965399;33.87823860507369;41.46808429924864;31.405231517407277;21.086967590922427;39.027458530781495;87.83735996547625;34.151019370690236;7.133712592211163;49.30859880632183;40.44022968934274;26.9566444737641;5.904931543354987;19.389129659515568;67.27209539959262;22.767592348159056;33.50655722865709;38.15544270744262;41.39739903189336;45.301052681518605;114.36731646790277;18.455375677699948;41.179078324476706;2.8687433590639;35.16317053779849;27.065967513048385;68.19881139671881;2.808679847457832;6.480383575436835;13.629851900726827;37.40912450451203;2.3483275777349495;39.56107016118876;56.22293931793346;46.70913690788262;50.193091118816604;35.86073783285143;37.05757206875022;49.9500105743262;34.67967886012788;33.8014210358687;15.693926367111843;33.49767194914162;20.12096863559837;16.562578116104653;36.742822046931096;15.083864602062002;33.166959510081526;59.72643018336239;39.63691863070522
31;5.741173314941599;23.12049345304642;61.270839279305555;33.99282937783911;39.76389933000643;7.0557073724347745;2.25752128075167;2.06396318690656;40.69092417258368;53.02187737378464;3.893102948735553;32.26516079244923;27.2116704094707;9.650805823541747;15.002869187997522;11.983048796117522;9.231837282174066;8.414383384788396;36.89505992754891;2.048774093073175;31.389197375059734;12.067276394486376;57.21663040029033;17.779146659715792;2.81302530486082;31.385925438855434;37.64085810458636;27.45331833625815;3.0212830059273683;42.081658596819594;47.50146090265632;33.45778162977937;44.02267691420679;32.88651926208671;22.24004077292182;38.37199935043754;85.98192923234609;34.11890517804242;6.245163179058762;51.87541892316955;36.47057759996054;27.448055396401188;6.145770094728328;18.20059986425816;69.6574074478057;24.842658485218188;34.28995857827712;40.307165058101724;56.42445949367403;44.78559489887439;115.58540969434796;16.07672403550716;42.147314286124995;3.360398459780466;34.278862608898805;29.236204942671584;70.5785337974076;2.913780043657069;6.087954891755709;13.502717262322856;39.373661894804805;2.3690899610646197;41.28167535223078;47.636156862186255;47.31359524373542;52.350770562392;28.26564816187458;37.96473035851926;50.20044856910809;35.58475037234901;39.56123214218395;15.22623554890227;33.753944041606076;19.78097470290148;17.430879436251352;37.39738503584494;15.336770354666177;33.02911707456425;58.142551987861125;39.56453737093897
32;6.016048912726714;14.745290769907113;63.339432411739814;33.11622302106364;40.38581142061454;6.765397821283596;2.423632254308151;2.0631938815447586;41.608452409659776;57.61197224195131;3.94757376832916;30.035801891573094;26.636795716524514;10.921692390548717;20.0392729688919;11.0973617474466;11.070702285441882;7.655180902402807;32.15426725036416;2.047261558723851;36.17825447390102;12.280669882405151;55.594663289606885;17.999277891508154;2.6563326518217787;30.368119336706815;39.14338298138721;26.330003177243142;2.8557683617546634;46.10369367158091;52.22486789870205;36.79504781182664;44.49699051577913;36.18655591054919;22.95794703363781;34.164408038826586;90.52819529276196;36.96672407077461;5.8570794150037155;50.223509163092814;43.42365435533851;32.03872276548615;6.868145146123548;15.64120007977401;73.85472262697661;29.09145249066769;36.91091200575994;40.99456453136278;51.83412134470628;44.81998032868334;117.02522626863157;21.958144702958165;43.25858325548928;2.7904898278775567;34.613055137384805;30.108774673481857;80.96477663093066;3.093085134909692;4.3227915053334725;12.64408149879825;42.24028675703553;2.379734713511927;41.60841397430098;59.02226359382941;50.21381363356646;56.996098908833005;47.92452222833741;37.96695454575881;50.39425848138743;39.06587301138086;40.693062362546804;15.588017312483673;33.36328268550136;18.08495569364383;13.990301688714075;38.421249325694646;16.770941509965244;41.103871052657446;53.38974090252058;42.13017576508208
33;6.281327957050746;13.813445780692362;63.51358949741599;31.555723195224196;42.13561187027673;6.982443978880849;2.40215705973322;2.0624682558860927;42.86560808320979;61.745073304220696;4.075054346917514;30.86487329089301;26.143875870310456;11.595141031415789;24.092541338241062;11.258263556303879;14.366589266350003;7.564667704259387;30.92559030457992;2.045767879035103;37.12584278436093;12.896793525276848;57.04874260885685;15.926648317632877;2.7869319755838773;30.76912930852769;47.01574020273479;27.42339607365672;4.30154882550516;46.184529052911564;53.66176892343716;40.43327979810652;49.9207430694684;39.52267682350113;24.84625883746012;22.994793137904676;97.42661500002198;41.558894255933204;3.879633325703321;50.03368267545435;49.66330459469298;36.210279751003974;7.0967794981603936;19.377921627504918;77.16909923571195;30.38876973221743;38.591914988111064;42.87381328565806;50.40425833475809;43.65899680059396;123.27764471062477;33.59681018336485;45.33728627304588;3.1410295028099973;37.20033519002557;25.063134859856078;91.26851995086224;2.850074268684335;6.5521667454041355;12.42995920689663;44.263872152787236;2.356999362016643;42.908954431791315;62.2161938958824;53.37927294953075;60.07963033533197;62.829506845235436;37.75960545713007;53.662968350829296;39.45477365576699;38.11461697555064;16.053868992523043;34.671924797425646;18.64229848656821;14.362577106253378;39.58171798431845;17.60417879890597;40.30396824506085;60.619700258832395;44.14816592585956
34;6.436283169670023;22.136573052606582;58.269578172896445;33.28092836816599;44.16845647845671;7.019896483453267;2.097899406700773;2.0620572848120444;43.00305498434997;60.98109030168454;4.556308040279183;31.27942078472634;26.067256046317443;11.179051252400656;22.517862817995717;11.127224937409377;13.34124615400759;8.189523221650884;40.75176400281508;2.0449514104932636;39.09692999905588;12.425281513030804;54.638881382112224;66.69594726244706;3.8902638937067766;29.34053141285115;44.82475865129774;26.395379083532173;4.190783716674038;49.30104438907685;54.04501303481932;38.554068778381364;49.62707779829468;39.58076823122741;23.271276994718004;41.04546153859816;102.04608410507319;42.61672318365721;3.834764373438481;51.72226954468088;48.9578355743972;35.722757978665925;7.1917660945726105;20.955310123349786;80.35991122628644;27.674678673458114;37.6541441563101;43.92439875622641;51.52533840118537;44.082122004611925;131.11470730476026;35.84043461543848;49.0368058910383;3.074927218665287;37.3387451644121;31.558788109631458;78.31231976056252;2.7457498873667068;5.851783941918738;24.01470738386339;47.34926211271213;2.3563628401644854;46.137796421524854;64.23234764945535;52.140750883521505;59.68545884941236;57.0044058898313;46.372747528640716;57.15128742912966;40.28357742791189;39.00550779406575;16.61784389586037;38.73044276244221;19.517482376755513;14.042698262227962;39.83751826365197;17.871667406796373;38.03746814207913;58.630213293476096;44.34167503768842
35;6.3206308548637224;22.766576390101562;54.013623146485926;33.98459865995364;47.809908651863125;6.074963792973534;2.0846669189993654;2.0623723563212284;43.2073244425118;59.99966989413205;3.7689461710264447;29.562906568955142;24.361887567741075;10.348133683127946;17.729102185472204;11.067865272610803;16.435768698443407;7.7106847692985285;42.686530855681184;2.045487675288917;38.39257830201058;5.398591189780451;38.463522502460535;73.74090060602558;6.941226000453043;32.886004629624296;45.01898102294032;34.495227371099816;4.951459373689947;51.15591212561756;50.06577434401922;36.827780595711104;48.64424909158441;39.87166151126514;24.62505854602656;39.67645690783817;99.27252517472101;41.96543514391333;3.803972290471585;48.332317024938725;49.67051181221975;39.531705325283255;6.675228590069023;21.053219696549373;79.53205288389066;28.885511899719678;36.11154187641718;40.631956377647256;49.81145902797586;47.40399327715721;124.27668749024458;36.499472320351956;48.66024896994223;4.669287608677053;43.038493364716714;31.101360750400918;76.36289329303109;2.806771546617721;6.14169888722739;23.678150613905025;41.694211157858966;3.7995883869341807;45.891923417612055;67.57136395925292;50.63875696976243;57.372375653512165;44.30928796440314;38.452101540155034;54.70143337802026;39.226435307046195;35.814280895264524;15.457637883957215;37.50263046927931;20.091875948962684;12.818976638230492;40.02686929477454;18.64927661539344;39.172236148449024;43.92221128675233;44.37419565819462
36;6.305012740010542;27.27498220428019;47.98373921339171;34.39464947558067;48.292717257395054;5.731044487652849;2.0847114517973018;2.062409729830347;43.24362327018795;60.194356204932475;3.8134832314605016;29.822803038417085;19.05141866618059;10.930615395151541;22.670169813307535;11.255010471004185;17.057048607443996;7.978194140445577;45.03604993061756;2.0455413919192598;38.41680576630696;3.0849749629648864;33.70974567942478;74.25245350530159;7.124736397396412;40.97966115002675;42.599080241570086;31.933384806767478;5.290036045544959;49.96768123433023;50.600829444887765;37.6610396986436;48.47756680421841;38.79625036896457;26.115498873481602;39.57082580395501;97.70226199549784;42.274447431133815;3.7592614543744483;48.527640622375515;50.258037130579005;48.837779607083846;6.520627939017344;22.97646082619703;78.65704890867042;29.427006067307136;35.94916568770432;42.65187602096012;48.80999631634451;44.873145462959414;134.71808787471667;31.14244736725343;45.90782954979707;3.6925101406521224;65.00692667793653;33.604159323667105;78.71466795904811;2.812929769157136;8.346753448653558;28.91726497102598;41.66200985845946;4.243958657492522;48.57234745825839;57.84129504659269;50.356009172006544;56.347518464853344;43.88804601024647;36.343589237195864;52.517969093689146;36.52113204901539;40.88712443420259;28.225601403976764;39.50909296125492;19.379937510155198;12.121620859481702;40.43301320298952;19.515306748645813;36.608592086978135;27.889154516243064;44.31341182177056
37;6.535905694153385;34.97327923301087;51.085336419210535;41.72513784456271;47.50555856454661;5.580896228133439;2.0807938309437817;2.0618078675537594;45.46174423942278;61.868076996755896;3.715941206881152;32.40695648986585;19.51736200135547;11.141022404668107;30.684364622432582;10.709724319284105;17.89627735066394;7.899836070594188;33.44974300929856;2.044429144129226;39.73473863448464;4.10993489748714;32.72478281192745;44.88851747213221;8.179686335241112;58.75521409343315;44.047260318271505;28.226624345322005;5.160270362197403;48.500836470482476;52.95984853114295;41.74938261410075;52.316389301996004;39.94412793173983;26.27586446330049;27.919738275615213;106.28081221118397;43.917792140289805;3.728934112941334;52.1351334177807;48.968388885187935;48.8896021781752;7.0504592466142;22.36605359331026;80.40953252960809;31.829901633716418;36.905476698872434;43.36603206772316;52.15419523687043;45.006556451000684;120.92915358822209;30.262271937700962;47.927206495831726;3.025838685254506;54.42789375534854;33.347180723723596;85.41399871353418;2.58731299224551;16.301852911475795;24.151547346272498;44.00339938395918;4.353386387020966;50.69528995317828;70.19344206398037;51.39149926688072;60.15749722000992;30.394179356118684;36.48545237855438;54.037682855287336;37.16351330841616;43.05015862378493;28.47183550202911;48.16490880857742;17.777465352985384;12.17694490652021;41.01707015746415;19.791587074610604;32.67366973982409;27.19621686282553;47.351160143001636
38;6.474254325442633;22.77161917236458;42.81667347649018;39.26753006037734;46.87200589811376;5.607663140930738;2.531038716234859;2.0619689271504558;47.71155276621868;61.41358617849462;3.6893500648310154;34.14748007516903;24.812171604564494;9.423775641688774;29.03095889447759;10.411548554903959;16.856437853831864;7.143767310936979;42.8732079875715;2.0447540036365943;40.38659989831568;6.936293854996194;32.853695649206294;20.509533987548973;7.422799520933894;50.46447938460121;43.928071695546414;39.91219842223538;4.960017812254724;46.08187185006857;53.433036142590076;40.62523376614928;51.57140419903605;39.95629914657344;26.185215033280727;38.93647951923983;104.84558245523677;43.69044753248446;3.670529726709997;51.917234866690244;45.32280307381625;42.534650425446394;6.963840630818839;30.335483667485224;79.58112497223492;33.159732562400684;36.07785650309423;41.233641784420776;54.01828917599399;44.83680821309437;120.18864816794019;37.827092420317015;47.425682632557034;3.3430988208956998;44.09931146841571;29.89242373918643;85.3813138504507;2.7637607295517;13.45365203657724;29.333267002815383;43.19588681793513;4.2737380820804685;47.70413774746427;64.25787657849885;52.61928940008354;60.94059924576869;35.23886665138502;23.824780947938667;54.72627014475494;38.012296903660726;47.143438300997744;24.79680607592568;39.10606139514065;20.44683978566341;12.47864282299689;38.70351411425075;19.307322321800424;33.791116825293;24.586524874049022;48.091712978546816
39;6.398622334273614;22.577453987009815;35.73243475103172;43.69442991632282;44.8899978891612;5.425171937195417;2.8411966827279787;2.062156804544445;48.24899524266915;59.73992260715203;6.735243413302575;24.14492541808969;27.70970989448971;8.83413858917821;32.11016248892188;10.772519318644424;17.062259069719623;7.3207846280045645;43.1333229479172;2.044995436799888;38.68714853692797;7.055587190911272;36.94897279245739;18.248718266412194;6.410543070561429;35.03275333050356;39.729021203102604;33.27214968749814;5.128783726266144;46.12919651503523;56.208466599689864;37.918115815156675;50.28191696972236;39.48941748161198;24.990413117895347;39.43283929785936;100.59797208748114;43.665987800315435;3.6542143262138533;53.05335826357661;44.98882438859859;47.96913784640592;6.428707015195847;26.942227318387662;80.0066047143637;29.186542094202128;35.801824024331566;43.05598976151804;54.92843683753065;40.79010742987166;115.26320051705716;32.94003051226787;49.497794542155404;2.758771547704906;45.624327224284386;28.548472152683175;84.15460195147386;2.6861325325633256;13.140135635231967;24.145539665112242;44.335780883418295;4.115841847128414;48.85919072778274;54.894518217143606;54.64146987874764;55.88496486809764;25.44760435957828;37.83238111808214;53.31013055218292;38.02051716203939;47.19080498407247;16.80448967843196;29.474697964604857;20.98294561974166;15.073616556274558;40.68926031888757;19.31895492437281;30.756381913869497;24.168303561214042;49.67312622895037
40;6.0300368710615535;25.481135495932765;22.417126255846217;45.13431655544598;44.141878641936046;5.45732067567276;3.1143885636127444;2.063178387562423;45.76720907081971;54.435761434921794;6.523750031360937;32.12472718390863;23.435331991881156;10.605457553728561;32.138427419719626;10.463213553017345;17.042776744551695;5.648755115590175;31.174337663262126;2.04724429639698;35.13352045648568;6.993917889866333;30.56473284913291;20.317643905998455;7.144347269563268;32.980674822696315;40.90092649343783;22.48288024535544;4.057237203028391;42.87291213659588;57.28838504506746;35.351681961441955;45.8881076572868;36.96589772538813;21.62646477446123;38.85605689615066;93.24113350728926;41.13070311515569;3.64705721149274;50.79371543639557;46.42444797276106;46.38914526201552;6.168711705199589;22.34128006334021;74.82045310845787;29.261642759455185;35.770276929644496;39.32492551447982;46.80808034419536;17.76251508582887;94.1775807228892;35.24338511759038;50.22814682315476;4.686559819122959;39.74517691911409;25.155962688184573;79.8775315291119;2.681543249959411;12.633355173238812;24.383391192428803;41.34873388238132;4.004873866778747;46.11641731845689;59.22682484457562;50.14434825535362;53.701345972723615;53.130958967515305;51.7644514457775;52.5124190091891;35.77231263771892;42.12293163432481;12.320707247331063;23.815769027819726;16.889316444575;15.127023124098073;39.74224772462192;17.704250202091796;29.801794364749345;20.362047951122175;47.11896165562873
41;5.7952197512216;19.283304995681082;19.185932576883154;43.47114892321614;42.12316268960304;5.270830951237981;2.891821478217693;2.063804847364447;44.799531764680516;52.38442453549875;6.5609254413112215;32.80897714169983;20.317440335192547;9.743638379957515;30.363253011437514;12.72306962370203;18.06709436503782;5.295175635689148;28.856506976324276;2.0485358243116205;36.50671632658297;5.900342844185094;23.26707375252471;30.54988960556283;8.512942731952613;33.75148215414654;41.78756090717894;44.32498666461546;3.925574618674875;39.28897492350828;55.533332142907476;35.282016332005675;45.230025284951076;36.30784451868098;20.87990747046992;37.58468153483931;85.61566930402968;39.94237058963433;3.646942313364547;47.887801496116055;50.74821388673676;42.52884862014949;5.837354554052373;22.784367929779;72.11146026607922;41.82422238056067;37.35643823844218;38.87052675123382;43.144168046896084;6.446433618164425;90.1649982210452;32.477145901564995;45.29227190576232;8.08592682831179;40.68484075348025;24.36449237927065;69.91093945673096;2.711799764089102;12.969888105125449;27.766785703380492;40.927718958772985;4.01874725390656;45.157113931751276;47.32184571528808;49.568038738626676;58.607505693277815;59.79268960632669;40.47316003022245;49.62032184692002;32.08644907484931;46.873274359798685;13.604659467271457;20.257707842609708;19.642567348367884;9.485763884813844;37.50893989358795;17.288735735022133;35.75854583774053;37.13651216922679;44.78993669140923
42;5.407080931741686;22.138441138596896;19.270725344482578;39.359367260267014;41.31342005630833;5.3144930747426855;2.701310892939993;2.0648837615328746;39.39131733103435;49.65098949969888;6.586546211170578;32.58394463419181;18.62381298687436;9.480173944496933;24.0606768046342;13.56674978222644;16.600240833039724;5.429002150759992;27.377360808688838;2.0507570725967024;32.35793263282818;2.932066486053018;24.07377652405632;20.07384222316467;9.668881716055012;24.2613692998489;38.811181363904836;41.88331573221856;3.910218070173556;35.16230218064843;51.66070331559667;35.5631062967344;42.87975292487209;35.449393582283115;19.819415215032702;27.996236747455526;79.4272524690343;33.98923317626216;3.6699430841592884;44.22231610619547;45.369090543294746;35.734466897419345;5.895339062317756;25.017624501642537;66.6512576600671;39.100350680107574;36.02928677549537;35.586646765941886;42.78359962635066;6.292033160851583;81.82108320211876;29.582628549345696;39.920338588163716;10.891209485342147;41.81660538972912;23.40520679082488;66.77087105188951;2.7130278143779454;9.556429162874256;29.417750538109487;37.439169167449236;2.5573557160097704;42.78213630361338;43.947075709065516;46.00764619816628;54.04535123924589;57.03733279871892;38.1244891115242;47.05580442012647;30.41886943641995;46.60629982598443;26.27495272605449;23.488892014274583;19.69704474642825;11.750223020828553;35.495737609740566;16.69717164091226;37.3690221318433;32.74604998782259;41.04514219115576
43;5.233488005241186;22.905874561053494;19.673803196414102;36.863247395890966;40.72133899245141;5.683908814960695;2.7251549316993637;2.0653762018775788;37.83581764694229;49.12977278816319;6.417530588672629;33.776167122315485;21.564676472265347;10.339144956922526;28.710551060554206;10.135055765110398;15.14931615962111;5.522013595706097;30.871180149320903;2.0517471777726093;30.109338354463016;2.957814002831206;21.98228750506943;19.237868384577776;9.42186243574725;24.14477958534129;38.473851612496304;29.037723829884932;3.9749658895085034;35.92443856538197;48.984358568136734;35.87887044885677;42.950901360933976;34.26844242534779;19.495040871932048;29.393626712779298;78.0760910949994;33.26836878002136;3.744429160128773;43.26635185164287;38.40228846703686;23.647378269247795;5.540011992383141;28.775732041271862;63.79383978107247;35.74018775287027;34.261275756842096;32.73039429280738;44.17687002329782;6.196678985550473;58.3942422634414;23.694068615745028;39.91593399772427;9.385074549397954;39.52531925791661;21.117882193946254;61.95753211976551;2.701759970803457;11.02237925246766;25.367456000375434;37.65524598423549;2.385118630210182;40.85876828484416;47.185312940109704;42.74107726589495;50.469963031113274;55.447953048586726;36.63169841340183;44.996236468946286;29.054694193173237;45.59073321517576;46.39753904217352;26.663239066999612;17.669911193265015;12.402372186092538;33.3593366859601;16.99861700947488;37.10092948680697;27.71253394982125;38.21078350582259
44;4.846584789913158;22.756356111974785;19.957395364062922;23.200404694152414;37.87002611713944;5.840123424310569;2.2314228288557456;2.066436562894559;35.67405966787328;46.93846515970817;6.531761970177892;34.346968879669774;27.914718950274498;9.47738214132499;23.74184344402163;8.768984623240348;12.262949336685834;5.413982380313859;25.94238280880757;2.0538770026881195;27.615445070414165;2.990477633106575;26.670457012711385;36.103582503988264;8.253424465927454;17.571876157718417;32.53440985736279;22.22056678601924;3.5193295733667322;33.97015233061262;45.61827232636477;32.15926534113781;37.474457493015194;32.05572890157997;17.645230297333477;21.419961284834827;72.3546645393817;30.27948886355003;3.6233486932858696;42.1916580621351;28.090213531575426;28.82560625846239;5.649790019359393;28.045569980513125;59.979935695516794;37.20400291598811;31.115096015901482;30.245809546448747;44.28853883785811;5.97553118207972;59.00871689603906;26.02746485026871;38.50421192656315;6.635835503500904;38.90709716864896;20.5309697134411;58.01927920783753;2.5159132590551003;6.992760695026511;22.921605767521676;33.660253824287395;2.4327812813722898;35.585576730539614;42.82736487772315;37.74179024490182;46.85621976244033;27.945211415596482;35.458131604178014;40.36758503688868;26.967403763514923;49.40166586606052;32.6926335469412;18.31254099670821;12.297609793188558;12.30006499842123;32.532973172651;15.444399738143352;32.374347465246885;25.482435358603787;34.965685235301706
45;4.459536578526506;20.626928427966707;25.813945936171866;24.83034836959622;34.05069197280284;5.899337737146506;2.1563823384733896;2.0675021421617155;34.60715602672707;44.30567727745582;6.557563195748791;32.01099754553097;24.826322762656776;8.481372396679845;15.146498996298662;7.389491454316131;10.825634878430296;4.993174644841825;23.3679495502092;2.055924255004955;25.10968160644511;2.991206280427826;43.49843620462713;71.4980834080512;6.505426648804641;23.65682653132485;29.564084785497545;16.620155680652204;4.510169018139878;33.41660622583389;41.21339177347947;27.59490406034365;34.16490762213862;29.3814632618835;15.95793434797644;12.03389362022139;66.07242782166674;28.862980407699744;3.572571538053652;39.23637175574983;27.247800175276343;29.105172838879717;5.384310964240602;29.634247487252612;53.01406433392516;26.494914413653742;28.245203396148344;28.752045847592107;37.39665110224836;5.774516631050674;54.32344082487573;26.14994725885511;35.41696340138232;4.4351189890958755;38.14525301479164;18.618488544595888;51.41420253895448;2.6748832715230337;4.1988814326696735;20.33692849044275;32.29059170403623;2.394216897298954;33.073946629786704;36.82929405722607;32.61464988531457;42.93310242046056;14.791503323024118;31.53149764163517;36.52300565912073;24.498690610709573;48.31300563777703;34.11350719059762;16.94530218644492;11.06029770795047;15.794093890929734;31.439246122724473;13.562936114412633;29.330245051343635;21.858723803201503;33.07822593877562
46;4.00867967605393;16.88826858321034;28.215889297844086;20.604612877890567;28.912743905242284;5.725343578766031;2.1352195486097036;2.0687454859566152;30.43568917851267;37.57932694562328;6.612113127976913;32.652262993147204;21.33663728996986;10.704301860837043;12.942193596360319;7.178093341896556;11.0169945293382;4.593481669191476;17.27782626487192;2.058346977205514;23.10407496943438;2.605904192837444;33.58613041291673;50.469327013486655;3.8282339470864186;21.956026679688332;27.980378668700535;15.175667629720802;3.814283905269089;32.029731495300915;37.96487739219723;25.162062532085738;29.42418125646233;26.484067674422363;15.38237714650988;12.571473560818678;60.16249658830102;27.313010440080905;3.433824075960105;34.473324545906635;18.809661912167847;28.922338121321268;4.59549593636357;27.43238989236475;46.164079547041176;23.15326687043283;25.490121608694317;26.01970654137154;32.192478859967935;5.6908264380174165;47.99645319967542;26.185606770459497;31.047484183524954;3.707391759022655;42.59848365316354;17.662271578184942;46.7965828390739;2.647451404893617;4.455878516928211;18.792731783771323;28.381400639527314;2.3980298258236035;30.856108174893603;32.96700091922644;30.664047825264923;39.327406854660495;23.855924494350038;30.591290037321993;33.509822914686296;20.005554144285686;44.05162681250139;20.596297947163666;22.794515750210216;11.033454977937946;13.367416707232227;27.340450848795168;13.577302263150678;25.068536438646245;22.511856760795727;28.52914062984253
47;3.5531694706322123;14.277822407837522;27.97232881538329;15.620514635121028;25.136153822038835;3.007426963191116;2.137905675792423;2.070017143175732;26.650319607183675;34.33075370551275;6.499773560220367;32.76757060351601;18.417205704697643;9.560050057973859;12.491802637905657;6.660738580357995;11.004715188742411;4.025446084017332;14.069848499326753;2.0608459878673453;19.87531212436938;2.6133133744364274;24.175977155689353;8.285708981900246;3.3072030820783507;6.915608632649891;24.652553985707662;11.627684442370708;4.21820488668168;29.053880245261514;34.755479430406844;26.836609233739413;24.598293395932362;23.26383172955902;14.125656319544696;13.128643489610836;56.728662006319766;23.488938889627693;3.201650529200311;29.84181925846273;18.357432215135784;15.933422528336852;4.426063641189123;23.345508380989326;43.24722852606048;17.362580580751565;20.835224540794535;21.686718781363755;23.30818440545618;5.717717477293156;36.59153212762277;24.03827844377852;27.126797278117447;3.759835743410779;44.03080678903002;16.87466415311318;34.02806309821011;2.5208666694718196;4.122987383413522;16.02056078551864;23.719084621308035;2.431806066123983;26.12620026223255;29.985317058109445;29.776007398962186;33.76857846259076;27.024185694922874;23.782073079484036;29.37003234169139;18.3049773022606;37.28046791134597;19.46005471434367;25.654086576424945;9.964755600164283;8.750548405365135;24.45413447662654;12.396326706916081;24.15337052795013;21.474040011958557;24.764272647763892
