time_step;cre21;mv_f0_lv_evans_thompson_2;mv_f0_lv_nrcl_dng_hgs;mv_f0_lv_evans_breens;mv_f0_lv_peledora_sunline;mv_f0_lv_pickering_dng_hgs;mv_f0_lv_dng_hgs_hall_2s;mv_f0_lv_missen_thompson;mv_f0_lv_atlas_olympus;mv_f0_lv_aylmer_glasscocks;mv_f0_lv_grandiflora_dng_hgs;mv_f0_lv_thompson_1_dng_hgs;mv_f0_lv_thompson_2_dnong_hgs;mv_f0_lv_dng_hgs_2n_ballarto;mv_f0_lv_thompson_p12_evans;mv_f0_lv_davis_dnong_hgs;mv_f0_lv_hall_p26_dng_hgs;mv_f0_lv_remount_latchford;mv_f0_lv_hall_heatherleigh;mv_f0_lv_kcc_park_dng_hgs;mv_f0_lv_marriott_rayoff;mv_f0_lv_eagle_dng_hgs;mv_f0_lv_dng_hgs_turf;mv_f0_lv_mcnabb_hall;mv_f0_lv_hall_p23_dng_hgs;mv_f0_lv_dng_hgs_2s_ballarto;mv_f0_lv_thompsons_evans;mv_f0_lv_dng_hgs_p3_thompsons;mv_f0_lv_hall_p25_dng_hgs;mv_f0_lv_fintonia_erindale;mv_f0_lv_saltbush_kingfern;mv_f0_lv_thompsons_3w_evans;mv_f0_lv_redpoll_alarah;mv_f0_lv_beechwood_melington;mv_f0_lv_latchford_whitfield;mv_f0_lv_dng_hgs_p4_thompsons;mv_f0_lv_fairhaven_taplan;mv_f0_lv_orion_bacchus;mv_f0_lv_marriott_thompsons;mv_f0_lv_blue_mist_lyndhurst;mv_f0_lv_dng_hgs_p5_thompsons;mv_f0_lv_wentworth_dng_hgs;mv_f0_lv_west_brookwater;mv_f0_lv_dng_hgs_4n_glasscock;mv_f0_lv_ercildoun_alarah;mv_f0_lv_invaders_dnong_hgs;mv_f0_lv_marriott_graegwen;mv_f0_lv_dng_hgs_n735_hall;mv_f0_lv_wentworth_2_dng_hgs;mv_f0_lv_chrysco_flowers_p2;mv_f0_lv_dng_hgs_p17_hall;mv_f0_lv_dng_hgs_p7_thompsons;mv_f0_lv_olida_albida;mv_f0_lv_wentworth_p1_dng_hgs;mv_f0_lv_dng_hgs_p6_thompsons;mv_f0_lv_dnong_hgs_glasscocks;mv_f0_lv_gwen_missens;mv_f0_lv_dng_hgs_nth_p21_hall;mv_f0_lv_dng_hgs_1n_ballarto;mv_f0_lv_dnong_hgs_thompson;mv_f0_lv_tea_tree_castawellan;mv_f0_lv_dng_hgs_p15_wedge;mv_f0_lv_lyndhurst_boland;mv_f0_lv_thompson_1_dnong_hgs;mv_f0_lv_lindwall_everlasting;mv_f0_lv_oldenburg_lamada;mv_f0_lv_dng_hgs_p22_nth_hall;mv_f0_lv_dng_hgs_p2_thompsons;mv_f0_lv_freshwater_mermaid;mv_f0_lv_tetrabine_silverwatt;mv_f0_lv_hall_p20_dng_hgs;mv_f0_lv_dng_hgs_1s_ballarto;mv_f0_lv_dng_hgs_hall;mv_f0_lv_dng_hgs_p18_hall;mv_f0_lv_hall_dng_hasting_1w;mv_f0_lv_fortuna_westernport;mv_f0_lv_one_hayton_park;mv_f0_lv_thompson_missens;mv_f0_lv_dng_hgs_cameron;mv_f0_lv_pegasus_minerva
0;23.299074820312434;11.15208127467916;16.78179677744135;24.162958264687674;25.3465495531242;9.274210766105345;0.264300804022571;0.10858937993895293;27.6232147826036;30.98379304632432;2.362645781905744;32.5278112745663;22.528454053957642;12.1775103818539;15.434186033447425;7.119640575451541;11.191130002513901;3.605418820237469;19.16662678822334;0.11821032321388;25.677935231866904;3.4089151158978295;74.63901057840869;25.52125616274733;3.759144440630511;17.220735582808132;35.88596055606914;39.1770334228771;3.907475873321865;27.485195944336237;31.748845439139505;25.535264761187175;27.201675924031232;21.748657172670917;14.821744060881015;19.55645360559713;55.88056892767875;21.446243031812187;1.8794633491359583;26.6615816665228;32.862569216779896;33.53722141221473;4.114212482302217;46.45285055813023;36.60297006417585;24.707836738045287;19.186187977629938;24.35159206725724;45.911544894811065;4.871252538173878;20.162409385602253;0.16227247436281245;21.67417950638586;5.739168941185084;73.40954070602547;17.035522800354663;76.18667790637357;8.89457491868408;2.494469021264661;23.087443067047595;24.304348921732867;0.13060648064163596;24.82957507711264;42.428609666779906;28.145659362107367;31.825231210903386;60.10053767883633;42.5735039985282;26.226970341264394;16.818711962255804;51.06824460635483;27.52739310420807;24.56664639806537;10.673741207551377;15.187372642426492;19.446027153828727;10.958136289312938;18.85162884500005;46.61350266021343;28.43377692955894
1;21.627893151934238;9.70204764952632;22.053547693538032;23.228300175006396;24.764354198718255;8.578475341370526;0.28860378720410707;0.10862988325960375;25.82654737919264;25.87236634468723;2.27428214305439;31.58690196815282;15.903316470494913;12.411029110829839;14.997478888266274;6.528830724544924;9.818739392574694;3.4910441508304144;20.419283497600205;0.1182960693949682;26.480986704361957;3.41974517291611;46.43219165833099;25.429292115317836;3.4737080705329633;8.716723370729643;35.37454825619097;26.18740617135363;3.6755942368075085;26.61646682550667;29.927104559670493;18.061333175387677;23.780586715648;19.92709670071722;15.24625887248033;18.212761592608885;49.50285231823888;19.714194659422798;2.017504437063561;25.035606643366854;32.09155321494505;29.4469477314108;4.105666781950297;31.585899394039135;35.5197821371602;20.385679830892602;17.753064244947055;22.039080454055753;45.90593377976978;4.898411598774524;21.49553577711653;0.16237814339680795;20.349182090797566;3.278338113714388;71.43026160915309;15.60839026475141;68.58636902655812;8.630983635700579;1.875106503814234;22.30526377919515;22.203959381141196;0.13069945466637425;23.928846460607502;39.15987380239402;25.277021734744963;27.306314438449064;57.89972473350642;38.76731403773282;24.32621870285341;15.106228433861798;45.66703358970268;23.29896443461945;22.39516152767238;9.976504617385928;13.410782195848453;17.869958651801337;10.184985292049216;17.0938235264604;36.46086670663834;28.125861475264752
2;20.066993433678785;9.248683419062322;21.074068943397055;20.854019606369707;22.486557560130656;8.485080648231731;0.28854405314135084;0.10867088562394661;24.280979342280013;22.913691008722747;2.3115309035888183;32.695891665612834;15.137706737086404;12.19588570247341;13.885265371656372;6.65224270501817;10.005305219061981;3.0635354893092104;18.775864721204197;0.11838466752147067;24.99631553556587;2.6920301438712446;59.46102913435515;22.72672194795317;3.444233683474212;5.2052638238979005;32.44768191367289;21.337235804935954;3.430955038049202;23.691528483867742;27.93555656934022;16.252939196316763;22.78617909746153;17.593344574505164;14.21322391893193;17.04364719167438;45.97667900809428;18.669225598945488;1.878147228124468;23.631972144832343;30.989240010259895;29.698086538009083;3.79996306989799;25.40294471326167;32.44227392443474;20.188148012197246;16.085614116682336;21.464324264081654;41.15894853678452;5.023975990648053;17.829306852667866;0.16248647351216022;18.828082829145178;2.7723960012802062;69.78508645718352;14.453484282225256;62.44683380774432;2.6899536281249494;2.463920893218444;25.198988042153086;20.830298196185186;0.13079614103745535;21.97674028102213;41.988181562009395;23.35030359237121;23.885951773095744;28.151352956836966;32.2796168038899;22.990572380395133;14.849370779598276;43.64657483813264;24.997543837737382;21.886769323426254;9.577214934314517;13.400210780163002;14.948680836781774;8.894824077676036;16.067405573647452;29.135872971215615;25.71859408765964
3;18.86829121036553;8.83347180539052;15.243022339385101;19.756862304030275;20.71421259517931;8.595248494719888;0.2641911067066824;0.1087057677707556;22.142210345989024;22.269098254289315;2.3008032074649147;31.73255017292596;14.000484498622134;11.769121020496017;14.86562289830613;4.767175547181247;9.80454498344598;2.8555855557300025;13.220687587816037;0.11846126524979075;23.145988806516236;2.609909457129301;54.68443875987078;12.750893094338132;3.522646982895974;3.892468213269542;35.53375154362208;16.216936247127524;3.6705200899492243;22.426109665853335;25.213997064825648;15.808402173549133;20.61146339002234;16.65932828073246;13.14040201994255;19.72635674209989;45.866256612241344;18.767985800314552;1.8853451213228907;21.596752349582506;31.19530638942977;30.36700319703606;3.5024611537971992;24.954698958077103;28.83413496831171;18.04102078079809;15.773473548519986;19.35716003659272;31.7993383251602;4.898184345815373;13.151581378657351;0.16257952879609494;18.532553594201875;3.5757131637420794;55.32588273294906;12.423458194105587;55.01076645624641;2.5008783346635566;1.939688344757303;30.808457602610318;20.681166424930577;0.13087984686866116;21.67841707601105;48.925441264368686;20.80573896337654;22.0410107301389;39.87561953322871;33.78705115561145;22.092319320983535;13.511096962138064;40.386484293790545;26.70157388454239;22.23887297335671;8.803250177781138;13.373700099882571;13.59729994427949;8.181401419583718;15.66614495970523;25.73663235459918;25.0750214223463
4;18.208270448842516;8.91143675883011;14.720538343311132;16.255088387796;21.290137673931998;3.248649920472647;0.2823938303993765;0.10871730433805533;20.647239593567253;20.073390810869636;2.223147900778448;31.37913095133952;13.620024755066282;11.405751629227066;18.82184735466389;4.672501466826116;11.162308339063593;2.8009158154488394;13.048018249822698;0.11848554668943534;22.992885609034055;3.7895867488414914;45.827957302852035;10.004901015790962;3.5349879583701607;5.032747840818057;34.513516564017706;15.058345997306526;3.9379824389639633;21.786421219819914;25.172859474901994;14.170031587154888;19.654426596113357;15.600137757020512;13.07101730407998;17.200577115603682;43.7026252988433;18.87954463451612;1.8927896728004137;21.080050088465107;37.434589954151235;28.350681961873136;3.3442607852041255;22.600419752744124;27.479125384388986;19.212864466198106;15.73020603646319;17.861748596858902;27.834016911579624;4.645082224336618;11.83181931870343;0.1626107946419788;18.071700647714483;2.535176796242442;51.05422674503234;11.322081419780531;40.685601101514706;3.076275992836982;1.8855140864893032;25.23493017582707;20.11425014222201;0.13090706351054948;21.770437633270305;43.39887320707117;19.934895840099657;21.83807408394776;69.30368876279289;33.98688513234809;21.136637587540854;11.658298323190891;37.13723811977337;24.76534131504241;21.92683654470709;8.377977516304638;8.499467290994168;14.354207715961481;8.290832099365302;14.478425971161773;25.107571877054784;25.399293447787247
5;17.923360563730196;8.086432846393842;14.65077900655779;12.33672377906824;19.538955723316494;2.003343874894996;0.49578278941757914;0.1087249218455068;20.53122695944987;19.98066236126584;3.0330722159108534;32.04452950543663;12.918520146075945;11.949265784009215;18.69276990914081;4.350214397762924;9.800542172424812;2.818673727013187;12.176697940275837;0.11849794198922617;22.364991400594217;3.6549309900996674;47.96420604415735;9.26070316470703;2.635808862157006;4.9651614550518905;35.510526612863316;15.836824874573614;3.0784570244356564;21.56305459184012;25.143163006254426;13.164147516967839;20.003767856763098;13.784331114783779;12.291426908505091;17.708652560473283;45.57117370503793;18.061883911468186;1.8772791626661303;20.023355650191004;36.56975513834061;28.13829251252713;3.1758362550658004;21.336574771491573;27.694114731373688;19.3399742705178;15.388996788416087;17.74232946915648;22.351265541528477;4.675287997739199;19.763641189784156;0.16262867741532525;17.464786689840693;3.1381176621606963;51.75421685280918;10.97519573075762;38.83739400738163;3.2233604672422733;2.447973207870613;24.28483514234781;19.73329326544558;0.1309209301753121;20.691638489216167;41.37115302398052;19.84287788402396;21.73868649534746;59.109695784009965;34.53684589345993;20.359776185207824;11.382061671231872;40.0957540789222;24.692628872430593;18.993140605849735;8.729062451832704;7.694578003645172;15.85502561406727;8.540059225887283;15.156965088505745;24.65741218470539;25.222315293351837
6;18.21016980892867;7.9101741325672;17.30815760861499;14.940904732107448;19.629609566394077;2.331362504422366;0.26417196202579696;0.10872035785701883;19.770657660674683;21.14963221611305;5.041898808830291;31.637253247350312;13.545650312975138;12.018774490196053;18.300146781706808;4.042093012421651;9.995893468332708;2.8567507063006974;13.704939426146684;0.11848941898533899;23.538615501463656;3.4540565250579456;44.386171777652045;11.052964515439145;3.0116045434308782;4.562553211135925;34.95715296295437;21.08104960712986;3.2532344317086777;22.023992335375908;24.88056226551592;14.16422917925208;19.522448916557643;13.439669989521969;13.067206903480887;17.880781014761975;47.134511677602525;18.107951091521215;1.8927752755617484;21.749216218073677;37.883428384775385;22.362788102265785;3.164073184268237;20.82363294350469;27.727970979558908;20.550237760578998;14.538725472984716;17.394695170637696;21.735516208072276;9.895671335437166;19.399291922326174;0.1626177040749945;18.649495525290796;2.669189878485432;39.24583619211969;10.218342067245425;44.52234341259571;3.062892035141196;1.8185522591110745;23.560762115947735;18.62195071198836;0.13091169649771414;19.980931135310364;39.84357412641115;19.873980915641777;22.711899596210454;54.47403296711012;36.20739113429465;21.60314183948458;11.497183254251041;36.782421509625856;26.278786348740095;23.92716690740506;8.453802783695624;7.733252840068887;15.291091993122993;8.580557027123994;13.925393990530289;38.33984965093782;25.20496483946789
7;18.20938609002215;7.73368315846963;17.047349131725156;16.553538961732336;19.916812823284065;2.0435827852508597;0.25810350821006806;0.10871748467814052;18.939661771442537;22.016618819411438;5.486754069300013;32.511072215975645;13.112541296387917;12.554389834291294;19.021063223730554;4.1028341962313295;9.801801340193595;2.9790156048972563;13.69180389013235;0.11848902257702212;22.167858705676732;2.7294617396307856;60.422179370685356;16.890558311265096;3.762737209261955;4.9994561877077075;33.61745653026169;24.982002601498895;3.145575114140738;20.609181184748167;26.274210423624726;14.998073035112498;19.99272530626958;14.073412559853079;13.056288811373514;18.288730771931792;46.37814203818485;18.596135270243234;1.8594751849683817;23.5313295688566;30.156117099675743;13.663065355342463;3.398828297117317;20.048343412326883;27.62778796161297;21.993712471341457;14.298553472721217;17.375939822514493;22.39252082564065;4.872474734223543;20.86155056131315;0.16261429773778532;19.732058594820586;3.5405805205324707;13.230771969063252;10.779384189113538;45.045617104906185;2.285708287991889;2.3408009566987387;21.151743657519038;19.88836049809629;0.13091105517872148;19.348288868256606;32.75020737043658;20.05763251959075;23.728181047463202;51.59002082647537;33.222932818915744;21.525442568707625;11.797996851615977;33.76055142233063;22.908289575147826;21.084522897733454;8.58978116310085;7.3078134312146785;14.4063327589768;8.583333689803373;12.588428747860881;39.87344023713384;23.9560613526672
8;17.045486760463604;7.788314606614991;15.920081428263764;16.4339493480654;19.146650960274666;2.296789274418121;0.25809510273436276;0.10874905818408406;16.5181914813088;21.495217218729973;5.107702460521089;31.746083967393226;12.261673830629686;12.411643510881087;18.43866995294741;4.0139907915940585;10.962477749107805;2.7287395969057893;13.876077450026406;0.11855722195286018;20.404718633209303;2.76818720789141;39.87475543165034;17.32276694479608;3.6668033955692128;3.923516646418058;34.21744620271166;24.11373846972253;2.6212296582414085;19.70658889507338;23.25525080942613;13.275558453404756;19.324075987902077;14.453520154749125;12.619768134219274;17.93980716646844;44.280634945677036;17.494795330059983;1.8770236555171522;21.486186926215197;25.001596872418162;12.740174079722644;3.0404045980229397;21.70500997264331;23.917853443834545;21.03639003412814;12.817666892420142;15.996511480500624;30.45749319814039;4.624703361544484;19.315882196728236;0.1626973683856995;18.393803891280058;4.880569294544022;14.104229124142895;9.855477962372678;43.532856255181194;4.817595639925267;1.9914697913866706;21.16928927917965;17.564465972486165;0.13098488794728833;17.07351961348229;37.794567244512244;19.552373784189644;22.12436312640834;52.055661537769126;35.00829301673215;19.86981973444079;11.270875388513375;34.00499953425794;24.54030911744856;13.91917446947163;8.68319189150268;3.744804149116783;13.4874703628612;8.573292093045758;11.882644263998337;32.194869876214426;22.068820975609146
9;16.383134608750936;7.772988575980603;14.569021874199878;17.758215163728856;18.145437910851143;0.6803834251080298;0.2520222207436075;0.10876860360155532;14.983298770461358;20.934142534837655;5.502441579112608;32.3711723683202;12.56324991564062;12.981310301628469;17.687338228221407;4.046255178928257;9.793630522837029;2.8375115683808954;15.605250520877057;0.11859809775103358;19.19624005514734;3.3299987923446746;44.35224186777493;12.597618087421012;3.5716935523480395;5.666186925529845;30.94280844755396;19.42938369835075;3.156274496319262;19.062660975768793;23.01917635625623;13.660949663378815;18.781607383677088;13.836538825805663;12.073368091805756;16.983431830378372;41.59318328076762;16.48356448054971;1.8434177168774026;18.313676773843998;24.885107015147007;13.175790857076313;2.974019847555882;20.62519893567821;21.75583446534462;21.391108744446562;12.748193286970693;15.333434486323691;29.52129875703716;4.660144612494781;20.759431779176552;0.16274762351527977;16.952110793352457;4.5433551958216505;12.240339984924415;10.14711664039791;41.61631416964573;6.9522679683245245;2.097911205362077;13.455988335956798;17.253831026244384;0.1310297433018709;16.306609922987928;42.260290300596765;18.93775257341209;21.284063888983184;56.87167197377821;35.486110987741675;19.31213286374668;11.66458277211929;35.206119956437135;21.720733205765423;15.240097310937644;8.260718634561547;1.5167791827507775;12.782360125817164;7.792279326999041;11.586092084449156;28.692988235551997;21.030195286390637
10;15.772895609784593;7.93985888040189;13.804482513812724;18.26963539143032;18.640794469029583;0.9402712650559377;0.22778008001662753;0.10877430504212943;15.253869730381513;19.31315186508776;5.1344714818545745;30.266743164378973;12.325547378030791;12.287830618649693;19.806702639445533;4.4680785293785386;13.289348603636578;2.828733115819472;19.398834031059124;0.11860847552794763;18.34982754570545;3.2219564179928972;44.20148396056212;10.363371647998083;3.2626935397168273;4.759833515784589;19.555865016206837;16.19664494544559;2.5663321158412025;18.111794381054974;23.377877756750713;13.939049860531203;18.06034128356336;13.251682560451503;10.625696756819098;18.88392094201223;33.29680704494244;17.172728729873967;1.6713985548338461;18.58245254613372;26.33535923297476;11.615550872882938;2.7214615028740994;20.39855718868433;23.290267791489182;20.575895812392396;12.93160681570346;14.781108829630906;31.02336518878274;4.61015815311249;19.196359001991965;0.1627624840005441;15.904984244814784;3.3021294933552605;11.798679721462191;9.270561142712287;38.44859791153459;7.0044025002543435;2.39178428010773;9.363243417762229;18.188015649886914;0.13104161705279724;16.3724654443609;34.7321800507248;17.903022542755167;20.997453220955205;68.08659821965924;24.445856854263365;18.87648420511271;11.097528114616045;28.68351489654139;10.330467942575982;12.833292683377357;8.399042683998696;1.839267575055556;11.844035086967935;7.715091042458257;11.672459707688814;24.0436292040452;19.967023225265017
11;15.238169453661229;6.0145122847557655;13.041584440439488;16.75172223055048;16.497114081423625;0.6335591540255101;0.23988408597702976;0.10878603336586878;15.410042546717474;19.43944778750249;4.2939571288040455;30.210752525931;12.471851532209255;11.041484450038446;20.439992607524633;4.420642425007283;6.301773864105507;3.619321177039847;18.356781240732165;0.1186361208844942;17.934511339911854;3.2612102399727596;40.14161472114565;12.827231808125688;1.9631138197801439;15.592275091948615;19.050808115868094;16.837664762901138;2.9131882151309134;18.18918394240544;23.4969537280454;14.567334235481704;16.752326499789273;12.784666676910202;9.852068583174157;23.96560084020962;31.452483148513803;15.63319379445802;1.3508332367198281;17.13318662441709;24.421200899478407;11.578158902218197;2.53463763247972;24.10403294914441;23.543863623791715;24.105699690474438;13.759195187099618;15.717198246580264;31.35839618477478;4.5602844607287;26.009227843862153;0.16279538316271594;14.582315827395501;3.0668600343427364;8.696310571428272;11.628438775837992;40.60856929823139;6.6798608963951605;1.8160110355217518;8.67480301152744;16.34672909177599;0.1310716016051899;15.693694784936794;31.538757311456035;17.98022179191177;20.33759493884958;47.97207830841815;8.795180694874926;19.377038526280344;11.250653320349514;23.559530842966765;12.861851282441904;10.796861007903237;9.016593514233048;1.3489317511992633;10.842673736259835;7.097508160829967;12.3225290550321;25.751610463290913;17.79840533671457
12;14.966319660428448;8.051011507976842;16.203218204237363;16.202180537688797;16.08690702388961;0.946732329053001;0.23383780194153073;0.10879484026460426;14.85080017263066;16.836540549727083;3.2907308774556685;27.873328054948015;16.009835231440785;9.876118724110421;16.678949635633437;4.581203459084046;7.4630813068275;2.871781857039895;15.112766494174917;0.11864654752303111;16.382490857847653;2.3508198816780252;40.147689844194545;10.325753594263979;3.4085746381607787;28.042206043376705;18.243153062194214;17.276959266059126;2.846192320632581;19.153365874842688;21.500113798130304;15.664205330828093;16.422681544691827;13.117521887165026;8.17469162936193;13.889749971474782;32.53236948529356;14.146405946181591;1.3840971998046625;16.605873406254773;18.123010289680472;13.844833686356168;2.3376540318253634;23.333831431317613;22.81523018062422;20.826501232889864;12.54178098848167;16.132676211272532;31.131072745839024;20.30217033628641;22.23958415157535;0.16281312587613536;14.170435717498126;3.468404814792694;13.315710010295637;10.867210403766528;39.05772739453803;6.303267146233211;2.2438310260031717;10.127975625144927;16.077954458063758;0.1310834025250612;15.133633771472951;32.47223957503989;19.083229128225838;19.690013041171316;23.81924309574029;5.9402700563724204;18.91696905690288;10.834005068031868;23.54286899519166;21.80876451322356;12.091527757831619;8.626820666451957;1.8994631587692195;9.727809602796428;6.957530310858593;12.266988230577777;25.81783985453055;17.04552938326927
13;15.797677369223898;9.964640774007204;15.965097708673534;16.625240626883457;15.381433522915898;0.6403053619958221;0.10833866925123506;0.10876822322037145;16.910574002353876;16.99346129430785;4.285335775651521;29.073475786875175;20.465784112569093;8.725067295471975;14.80819204439547;4.535913588786027;7.078235560244342;2.5875373955440613;16.77983459700062;0.11858638365750973;15.648182856151832;4.777840889907338;26.739832887186694;10.296661157298855;2.0975439383170285;29.330864588503342;20.757593947642544;14.908367496979324;2.941016527669125;17.373422054600436;22.997882571903368;15.893072625137913;16.832055746448265;13.89528765736921;7.228762190291647;12.440397977851116;32.598748589686146;13.954558572064862;1.8022183832187597;16.195696477981762;20.882436556584963;17.07716807255433;2.4941522436962376;26.054516372507496;26.287745806947655;20.02207834315391;13.303452540972602;15.11068300729905;24.276703699334316;39.892663603238795;14.697522205543608;0.16274135953725255;15.391586134904584;2.431939049768319;15.793683667468708;13.473871101099599;31.26635439340629;5.943221691288071;2.017261447248487;11.857900193588119;16.75399179012996;0.1310184885484926;15.947790230951941;32.374386334488946;19.207804927653605;20.167408860413495;15.030367175031008;7.015845171683903;19.376211811640374;14.817184949146842;16.986361646560717;19.256873503358246;13.406399363733271;8.526636926238327;1.4740649608271916;10.098233812440625;7.495004493429228;14.133831566136069;23.977188867066452;17.38452509850348
14;16.92681020025941;9.404383140490598;20.569920516014303;10.8034347219141;16.581959207905616;6.554592790602827;0.10827866854431967;0.10873394773284797;17.69131894614672;18.0314016257626;4.788966899380344;29.568023030103546;21.188196796395548;8.486354157213508;14.338162959192454;4.0016111442185265;7.275159762446232;2.821419889149283;19.42153652998194;0.11852751531129928;20.436509713567972;3.303966848789454;30.172502799695177;9.524551123342867;5.371427348845382;33.36377604074253;28.068097832952166;25.277870821203628;3.129948222833895;19.226340137135274;24.772372949296003;15.128414053699812;18.517665311784715;15.562047980045229;8.890913913633913;14.00172097770301;34.59169113755346;14.686901155001852;4.128110685719833;20.352766622285237;22.46411852663283;20.667677595860603;2.5409026104509063;22.86158524142294;26.26972083537976;31.295117436454507;14.644043494011463;15.636209875263562;23.002109751016004;21.413393970598776;14.462269000982108;0.16266321252823218;16.567350748439104;3.203179533804289;9.274458478925585;16.408101813921636;45.846343563841764;5.636489648293645;2.5134462124709747;17.52864873559664;16.788390101033396;0.1309539507224381;18.787469878526696;26.27762311258265;21.036194491613603;26.335542598115214;24.3536465932958;8.59850174150996;20.07738357463367;15.498394980948285;24.09525101753958;20.18803118609783;14.118694111168601;9.060019949775866;7.3861860089196;11.227624722148851;8.11165024669912;12.010136581782962;34.47844454722451;19.74466891130501
15;17.550186611982646;6.005412459476552;14.415302466188878;10.444341384596752;17.540674910451678;9.514835036381584;0.10824215037215629;0.10872121787050387;18.670351622180238;18.4719231688507;4.075383253385372;30.90515358402956;11.771950566158301;8.615128435300916;14.937405886040786;4.062686070565718;8.053044077696509;2.931228515704232;20.928901946042416;0.11849200249148709;18.485569992487733;2.648341442137306;34.556744263016654;8.1456218225283;5.777128214984947;16.903247138979633;31.458740059334573;12.71757234766554;2.1929983716232697;20.559134717842074;26.349614600509852;16.198586786430667;18.541520798228657;16.83944642347295;8.5977571401965;13.904121787216805;36.323305500982315;13.844877824702746;4.434999683829082;17.43504689146018;21.157632455221563;25.375881843609445;2.837976474004332;25.49660179638671;27.112785717896504;27.79677690648009;13.83522524185841;16.187380206180343;25.312520764192104;38.142764611547136;23.409211917632845;0.16262306554749287;17.191235359286058;2.7017903820517075;7.022425378520919;18.227879473061208;53.14469276339654;5.1952546326448825;2.2062722217634403;16.649751735021482;17.424123772155482;0.13091490663874025;16.003694204906772;29.00448602586982;21.695813702335347;23.92006927939186;34.900736184727975;8.97113248904004;21.11258098794948;15.291752530017225;22.04552626454886;13.014089228899017;15.666766892573323;21.055424128172763;11.137643322245234;10.428731341606417;9.016672767389684;16.563758615453455;26.610724881662318;20.686904096347888
16;19.33714534113858;5.998972753698733;22.259811676624068;10.75886655685502;21.722116037383536;5.471692432076915;0.10813998627336179;0.10867499713159272;21.08669708960389;21.20487013847223;3.913906022908397;33.44389375082136;13.801695984484294;10.051294169979245;15.536177345676927;4.038852673193226;7.671412359951918;3.0014977995023067;30.108862133903237;0.11839275123364307;19.243560049745735;8.978825619689692;32.10982675698775;9.367688797370183;3.6167705739092977;32.88347343360367;27.919631264083954;11.812848126528332;2.6773218122149816;23.596207564744738;27.45214918371422;16.815702792882266;18.59436653121989;18.05617598636205;10.205382557565333;16.42537744676949;43.1972454145178;14.453257451238551;4.7176817120540475;20.238575699339258;21.650234617621557;24.021451125254007;2.850918727734057;24.903914920845285;31.169576745814247;23.1069333503685;14.216470216867483;18.263395333399316;28.23505403630979;39.30793642936034;56.850950642020514;0.16250106905973724;18.634663995651827;3.441852501630128;5.716428810563297;17.991408397891473;56.688112414588275;4.621321960706469;1.805864907219556;16.075938442342007;20.178219314259646;0.13080722513952528;17.68079348958133;43.66739032153804;22.751194633137416;25.135315392673796;15.599088277776074;18.291696136589067;26.358828090609705;17.480710179788854;21.268722774252087;9.808025155296768;25.100441962029247;13.180992776002656;7.595533306236062;11.286266585106256;8.90928483361588;13.57741621640356;19.83869002786669;23.300238529076196
17;19.785521985494903;15.21819613745898;22.003575597814084;11.070131218306496;21.410691556135948;5.674158795250272;0.10811908562467877;0.10866290287750084;18.326260686260333;21.3329368901992;5.655200496562498;33.78502657976826;14.584317057889736;10.686060501540796;16.229451661042784;3.9391283448509617;7.284856721868746;3.537810941477289;31.010176217355788;0.11837139786828338;18.566012171789986;8.06147593120803;27.702283185979205;3.9794908502759676;1.0560289095293556;30.49977242187506;31.193728338291425;16.356906901126205;2.409352683386308;23.9245869201082;25.55012071311728;16.59773186458139;20.077241260289103;17.3253414286073;10.65299800095292;22.843181731949535;45.22084356515618;14.838915076562358;5.806712313646126;23.450969015302828;22.488481419405893;20.973183159241753;2.6552808141664657;22.045780072605094;29.458525520823;32.22543890486081;15.168950502823353;18.573536961193714;36.01407441319871;39.18362450703743;74.1328653233155;0.16247261091443835;19.46487878262034;2.469606433955213;5.180102776830578;15.471941766841216;53.71203038188263;2.099616147801492;1.6453365602445837;9.403786041489187;21.18140472955025;0.13078291578849882;19.531157223675244;41.47997485584171;22.572609729146066;27.145930529974304;11.630759891827298;17.03537436913717;26.93070872969358;17.638543380224682;18.616238027673827;13.367255203659179;15.262769836767816;9.722783439030735;7.960284502121738;13.904107298772935;9.144578057125122;18.657893175521593;20.731720928273734;25.417766469558938
18;22.02354045607371;7.592251038166217;23.50358452697849;24.318564334805043;23.982103042446404;10.135014078798832;0.10800798142463705;0.10861032826481497;19.154589446573475;27.1636636378402;7.239449063867555;32.916502450414356;13.712751176366023;11.740298031124603;15.54664135287768;4.16342238303407;7.292473111327856;3.4593117019489603;33.14106613262293;0.11826046554110498;19.90008410050913;8.666359020719664;32.12236780798109;3.8160473331584144;1.0570026039627396;30.977391515641422;24.75134775448594;53.361197188921;3.285423574004291;24.904117037263052;29.105223981567878;21.122274299802484;23.456992730742012;20.97482186336528;11.391876842362167;42.813912514886674;48.029578468584624;18.150190862328138;5.817233020920948;26.929921757175972;21.20838943627061;21.309566291240024;3.202820638995256;21.63661937683689;32.69739360388115;34.116382476125914;14.796938893565455;22.611574556904248;42.9916345786905;40.6066600496144;66.17170981799535;0.16233259056580468;19.107325373781965;7.82658242921142;5.823473510061291;15.782847758898475;67.2283558486645;2.101723792112167;2.036212980810775;9.547107999232745;21.332839850828464;0.13066126129644062;22.801193773125956;46.9610024716847;26.885131202183253;33.38991499721374;45.167208463614244;39.74550374263729;30.797914374798026;19.873739705267568;30.598013367712717;10.194479329660657;32.03132990849013;8.298452715994022;12.230853260199533;12.9456028477384;9.279825958258872;17.441853388071106;16.72196005397742;27.628910490768604
19;23.47559676115012;10.204054318056635;24.241207217242938;23.60343140640675;23.03967817386351;10.256516977426369;0.10791583737509367;0.1085724011607121;21.06111532682049;28.61004052926041;6.981268751288887;32.704724959067015;18.72675871650897;10.88997823141573;16.011648763074255;6.440472371582528;8.658682266595472;3.1274401036571047;26.395733588943582;0.1181747604375427;21.506068850488052;8.537940673210604;35.48201829073469;4.963694398814463;1.0575947756409212;30.862111302664314;28.912253654165692;28.688148524326618;2.5616507341233907;27.444695164799416;29.145536144535768;19.353600742676743;26.735649531506223;21.195198989619623;13.926417538039871;14.310226590826916;53.577383713701984;19.826101525969754;6.002428131748905;29.297622591678795;29.74314875753571;41.90285554181323;3.2435675912694784;20.028940926623378;36.48679041861558;30.406625763431176;17.307294370569483;23.340885387199222;41.90910245425098;41.24917537659641;44.364082665278865;0.16223047146310351;20.49616903345287;3.3145187022708313;7.004937017245923;18.79854441374591;68.62885746094335;2.1164500574438203;1.4065166805320697;8.44525923547549;19.12295647922854;0.13056788904442423;24.07760494714788;61.33540587718041;29.326363502999296;33.93658034411801;35.80162227215003;55.37026155618343;32.45669016741039;22.357014401335785;28.866445009069615;12.137217340165966;38.868556550900216;8.284653593051546;15.730417020559154;14.776013119094738;11.824374290886174;18.204580185494596;22.629105380511557;28.990372488791945
20;25.50238260549207;12.381185905403905;31.2609151131539;22.43025076253107;24.732770577768846;9.520479971730488;0.10781945040079749;0.10852927229976607;24.328140959373584;28.32995368577812;7.326663458562711;33.836296894991214;18.84509966473358;10.715777042153539;15.938361674372867;6.707627880586339;7.498891688072414;2.8865735323519113;25.957790410523717;0.1180813925669023;25.07049016748461;8.290048109273156;35.32277710284429;3.2168358950730203;1.0450063735770043;41.55354214425681;41.00548875432653;28.818793449336333;2.456457950031288;27.67600538478092;31.064699827261023;19.024152601962054;27.756578344161554;24.41863986842043;14.851478638930175;15.376992823919695;56.387182761048635;25.06803256560107;6.227569296815801;30.903955653182948;40.402810752416976;58.50443608581855;3.303012049859513;21.436140514507485;44.036649378717435;31.336145642911355;20.90599007288923;26.30407640903395;50.414968392981216;39.18378065785488;50.5352367409529;0.1621144841480334;26.029898603248146;3.2170130463683257;6.4379630017768505;22.12216515807981;81.3534342378244;1.9571454178707655;2.1875987576387956;13.490533356548593;23.52671207732404;0.1304657891052012;26.69144799303906;68.36101441256069;30.646892503509303;33.770970273084586;33.46891214130102;56.919472579691046;35.20076362938129;22.52118116077802;31.000199386163647;10.825494929800836;45.285764958017914;7.979275609387732;14.222039859108952;16.25930413036964;11.050439222905736;23.412093325989105;17.19961018220715;30.05954719927751
21;25.88911604173197;13.574939990385634;37.07266410101241;22.426141412911267;25.8683919360016;9.047845768290225;0.3254462889598114;0.10851226969072597;24.77876313742689;28.897216433390916;7.028022947322249;32.49884824245673;14.72831804729301;11.824543791419817;17.040687341160254;5.112554949157933;7.502235173442777;3.3247611424889136;24.712648632491945;0.11804427823287762;25.843186492431254;8.19702342470967;39.178444384382836;4.025859693084276;0.763226584307894;31.185897847551374;37.72775635292635;23.000165474533592;4.383810919773395;30.10655127498456;32.39739660694389;18.465200401404363;27.382797424959683;25.599050954828577;16.33191045792635;15.344691291657728;52.89546234796045;23.39134702447053;6.120094600490264;30.628796387134503;45.299241897398105;58.12135898369165;3.836227661849561;29.271721033365882;44.114726578398745;32.1232136450538;21.13742926069914;25.628464937276686;51.893187430499374;40.6562894863823;45.74212350687319;0.16206989828719517;24.66405967686432;6.2535999007576155;8.226770685618941;20.888176026620982;78.43647559566756;1.944012188890358;1.6231140533511865;13.030624779757632;23.48444216589592;0.13042585742426147;26.693648870994018;59.10715698178611;30.971271506941537;34.42802619302482;38.29654875786539;56.749473114802605;37.52148847975648;23.224726064859922;37.06890711698453;13.481421607894834;41.788796906958105;8.32946861703817;13.78089656289504;18.038171705375404;11.685211626409325;20.519740485582254;19.704916278316777;33.16415433210208
22;27.23628027120753;12.079501430005008;36.25423838012074;22.996327132271777;25.390523576073047;9.35078141065285;0.10771413796080093;0.1084819525915376;26.19230120145875;34.948020096983264;7.264816667496017;34.527366220146995;17.136992448660234;9.028748118464428;16.366683062100734;4.879264903276995;7.896556789264735;3.2876606609745127;28.861728076821986;0.11798012999432678;26.790707250345523;8.256355418877508;39.916563939705554;3.556266788092455;1.072498739956945;31.10256419969813;31.890944634576222;21.501704449812785;2.822001539235647;32.1576974346366;33.83379580118324;25.76004163908904;28.139194735070305;25.005994721867047;17.658489755912193;15.69331273393486;61.54646039920878;24.671108595333546;6.339284039184618;31.54397469915584;53.04493906998103;63.17559651351189;4.171191983460671;31.236699029638398;45.316696164292416;33.34046804500919;20.80076038654782;27.45585714943272;51.93655841665852;40.0824797965332;43.537788264957264;0.16198992236819484;26.30502849430047;3.961124234343094;6.779315162816346;20.742267825292483;79.80979264164098;1.8374362276494953;2.1084357351552057;17.71094707609543;25.20713032971805;0.13035514081406194;27.6018747306079;68.40968069098828;31.707792375496535;36.99856525032157;46.212772120885646;55.17206096655757;37.22331751147129;25.836151645853565;37.73997623695548;12.740317470542061;45.323337342258796;8.149188480470977;14.209175610765163;19.56867238946845;12.181563717888181;19.769614854829342;16.564330775006834;35.21353227694109
23;27.639470277929583;12.257793513437903;39.63117026978438;23.145723745924357;26.540075779938714;10.743370270458781;0.10769426864434781;0.10847223051703453;25.848936360989633;40.010687909926375;7.2564322430513375;32.732190380240425;21.665055248513536;8.532773485273685;17.18352443308226;4.738639445885372;8.483139240794545;4.214214172804586;33.4609118338395;0.11795944942481106;25.62056510241429;8.108621281762142;33.16781159142658;3.354620758290778;1.0457714433108691;31.07368586025907;29.672264531203847;20.54479121723237;2.9573252658706766;31.277612908442205;35.052062443274764;29.553417998473257;29.56621243814976;26.32937190754291;16.98287222969476;19.795308908411336;61.56459239265655;24.544803205243106;6.239069258240752;33.22637501844165;51.004161300183235;41.547136116236864;4.255063870013124;26.699079852695217;47.21048955066455;31.490235302454582;19.650041893110156;28.620951896374407;57.29502037716614;39.83581274392572;46.178031434288876;0.16196375642803376;26.521313517458857;4.096687350885441;5.768926297060226;21.041396364894894;78.73059952539668;1.6495079379816373;1.7318126062516142;23.102694595494057;27.034086734886557;0.13033286136803038;28.133057359957668;73.94073377935283;31.24637644199446;36.494061607964895;35.21318884703331;55.50271900422676;35.83841916387481;27.77187173771726;44.386165295151805;11.789064163684797;40.59676317071691;8.011201043348496;15.472007961374427;19.987315494856322;12.344187738468994;15.474310478658094;33.917497318273234;33.298345405385646
24;28.36635184828726;10.9178548125717;40.92445968555825;25.858322375926875;26.520639775329656;11.569931514873916;0.3561943419516942;0.10844834888064953;27.099317520070255;39.91910614974193;7.676514463955499;31.149181894719824;22.204099610158494;8.54564967185228;16.148934524442794;4.342612643549504;7.706005124566795;4.900237184302714;34.9990408001107;0.11790470258529952;25.674192745700953;8.126710549474378;44.19473657570624;4.638626031053561;1.059610715559364;30.738301627837917;30.28153278206253;29.403161625293933;3.1610381129514566;35.70026197014081;37.420124655888145;28.21713298127362;31.066712955320458;26.248405598988466;19.452284656828635;25.99013916885722;59.020899648899785;25.18080173093348;6.3409316556834625;34.82941933094052;49.38648556404484;41.99271644058461;4.395955697119183;26.5281492768856;47.856488495320484;34.17419628190523;19.465493289859705;30.468734607646425;64.59672249395294;40.766734943952066;43.376780506301785;0.16189921857024372;24.54500275155452;2.9182016791496324;29.866271128080363;18.715763441365237;95.22002676328913;1.6635780017514672;1.907674466869382;18.30754307088302;28.89989342139952;0.13027290817109236;28.760473943809828;61.16011468533441;31.88677001189399;36.104037163114775;34.21707380511136;41.78331578119659;35.890315259401575;26.85064273691003;49.31614309439862;13.363371398532891;37.980747441227486;14.719166140875787;19.014957889033287;21.159572103206926;13.605936550858555;17.987196430822806;75.25168500883777;35.40211201919068
25;30.058382687608397;27.20687264852508;38.24394414409931;28.36853324399914;26.196104601522517;9.485004542046099;0.5590164008062033;0.10841276359268553;29.304370582820066;39.26270081939116;6.941522929441817;31.541546848086703;22.72364876785647;7.536620666502014;17.78853618713801;4.310826372959239;7.5165237126996365;6.56456098440655;30.462020818109004;0.11782597644591579;24.314408209206576;13.626357745940766;48.874134231213354;3.3929342112220104;1.0603527756598694;32.08180465197239;31.999178799913587;36.87099586879053;3.163827624178289;36.19125376883457;38.379848667583985;27.817173517941086;34.48264816539341;29.020742435641356;21.355519363691712;22.013051453542527;64.92163102355764;27.2141222142657;6.57359295035636;37.08680676890464;51.330872486577405;38.86018476913886;4.66652824944276;32.97249306613674;52.30566884241396;32.479781273461455;20.833658129259497;32.268156736624974;64.92408777827198;41.59913459926176;35.29831725955697;0.1618044706520594;28.526220253075607;3.0556569859578633;52.35162250553965;20.31699481621542;112.9108002777099;1.7455183747249465;2.0979753667315517;19.003350547692417;29.4738270561173;0.13018711662056187;28.77580315125381;78.76546661448916;33.31354860090954;38.19486622974722;33.79402039430268;37.04725501590322;41.197162960421515;23.858111792725783;64.42759636510681;9.9678339880632;38.41182336173285;12.919424807163738;17.975431759950393;24.442642369410155;14.117878994690633;17.633158953923015;116.63722895516364;36.724663570434956
26;30.550958684435674;19.30922223589596;35.738036992937296;25.526528091404565;25.712786288361205;9.717856460482665;0.5283707933264178;0.10839590312837892;29.155830700749945;41.69937766087052;6.661155738913116;30.80538911067123;22.84870465420511;10.070223210519389;17.39527770760219;4.359427955232284;8.690609547827224;5.733945981509989;36.969692628274366;0.11778767196098922;24.599979582273654;18.445635935341333;51.06063822468202;4.069288200291283;0.7509546311363204;32.655291821117686;33.95602076972609;39.012981587050646;4.218944457717004;38.528203947210635;38.09906389382828;21.90250760721029;34.95319889564133;27.790311482201897;21.734623199420277;19.408595645159853;67.00115351817148;28.682321865480514;6.4502028945844145;39.881692514761056;65.3216001944975;40.6341741668615;4.575472960969568;29.908247719728546;51.76622302737742;33.98953076522211;21.94740073715076;32.5216033186151;66.33510805198162;40.23389052226774;42.335494638636014;0.16175993387862905;27.88969364178502;2.381568141212019;53.039775486145004;22.786922607068902;116.44354945818401;1.6381519349175957;1.6265286250276942;17.966408954343432;27.3767972460222;0.13014620375553534;28.537849679507683;79.28758960359725;35.85243039922253;41.4726835358718;40.71349247456696;38.033804542843804;42.166744706288476;24.11175194376177;69.2052033247686;13.687391539220265;39.26179143894134;13.059103702309393;18.553090867045817;23.691048876852825;15.681054825860649;23.28904853492969;99.52425302306492;37.18997885958569
27;32.940474701182225;27.815693645214157;40.524826071497;29.220059694800327;29.116611550265826;9.836656744017667;0.5226034745458628;0.10833141955362662;30.39148592191928;48.37924386907298;3.7112483595070924;30.522806784223803;25.752395513373866;9.652035711450258;17.30479413537644;4.235885742995719;7.528111648529434;7.927931651602525;35.24987491530287;0.11764939309416039;26.333623955061995;18.634587779553538;66.07487252142235;4.277069407146128;1.074955134552703;32.38734098922264;33.41153419586511;43.343744332063636;3.601075229262557;38.82252495348806;42.149818164180544;28.974334349552066;36.70334718913289;30.305418782884068;23.086725425166495;20.07914358602589;68.58720077920198;31.752296690815907;6.4384863835616635;41.67518140180879;54.9568534994934;41.254550509297424;5.563979905106529;31.535716389884456;55.63326541614793;34.39052339570954;22.140472229248516;37.69917045825369;68.28746163707719;41.64920299725212;44.41098079900277;0.16158857706539226;28.568149009233036;3.431743959429976;61.062104530529304;28.78591756528023;107.05248814114722;2.1789945240476003;2.1007467300389187;18.778141637476903;33.240438852956416;0.1299944184134677;33.08789807860041;62.879855749678846;40.8648348887948;47.35664026689718;64.81612170575536;37.51145093503695;44.897446677071414;24.995903230927315;74.77786653342072;14.594980484104376;43.16253448500624;19.642845574392716;18.746297380509677;26.142262868221238;16.472747357973017;20.41292051744377;87.00737811654959;39.3167650323715
28;34.742176911299524;19.04500699267388;36.33594725693105;31.815412422944465;30.762299671017214;10.531775406457394;0.5228453523162997;0.10828609841618839;35.4372799209435;55.13044381954635;3.276189278689559;29.909641192113956;34.66430903016109;8.43536894359809;17.711614093450905;4.77210490653567;7.729502218312054;6.866568904944857;31.615876464058125;0.11755786519866564;31.007863516050016;18.74713841207653;115.90694755132236;3.2310985084909856;1.0891138686789528;32.414546484073966;31.930112255428323;43.23596836363717;3.2519417732579643;39.11700049045373;46.38930936891514;29.81519032250214;39.95255966510067;30.904844392898923;24.085747049118826;19.475904506817425;72.83378298093301;32.82938529363474;6.547256038089853;41.78963304204728;69.05212041662537;44.693102048605546;6.476594154809943;29.907037706289636;56.442917595088005;31.980506458819736;24.596822064534667;38.45644553438121;63.72242249835281;42.08386306648267;40.324749011451246;0.16147142454058194;31.872694478078017;2.0818039623408295;57.43749993796321;31.442297458125758;106.070797709631;10.646593224584219;1.7779314693755044;18.161354731662378;38.80892530156255;0.12989397299219307;33.03673877329712;78.80888658648138;41.635873574377094;47.363019806865275;61.207886860178505;51.494079144955684;47.291721210956794;29.540153159844557;84.10236371651607;19.3176470342472;53.425387098879796;23.015453985198008;19.758042082916454;25.77640003965067;14.841849797927065;26.490536234969824;90.55060684038838;41.279031614272
29;35.59007910987226;27.327463143708346;38.38404251941893;30.04352364676289;32.72679604193586;10.194460128519136;0.5229144141048968;0.10826373376607035;34.59730064891988;55.58134744001454;2.995058651921034;31.645340560681507;36.815712069688495;7.233725000138034;17.196247981128447;4.847714070823052;7.926889707448069;7.795474061370977;43.5580727753074;0.11751329634689733;31.646109685163744;18.795769066157824;114.81852165268913;4.959863080216575;1.0623364332937688;30.398045063539094;34.22175091379559;45.26374880845136;3.821725698088713;40.965383263852;45.87743707182486;27.61243792225418;40.7025259003602;31.571110401182057;24.741076908828674;19.619115418126974;79.8623397666735;31.378157798454602;6.133357046430539;41.915819975604016;68.65323927448934;44.924122099776866;6.401088374850547;25.92253380381387;58.982536253792325;32.17514727586149;25.669204711887232;38.03682808585444;64.48015551018844;41.29517709994121;77.43961004590051;0.16141566790213946;34.71772731908408;3.1309459827258213;61.419393618274285;29.959691398376638;117.92031898342232;8.56576755215716;2.305828564666025;21.849321940215454;39.43111599074519;0.12984510532284407;36.23652061348332;85.76990796544055;41.63487496282633;48.196680118422634;91.34336850352436;58.84841168828906;45.72400176400204;30.343720900973192;61.02048714498024;23.889481414696203;50.021350920662265;22.278824277676417;19.371324941090045;30.214657973368393;14.074357987848723;26.06662765029693;91.07535554202232;43.143569118069756
30;36.35834369851514;31.42848286059189;42.463593268801596;29.31482445496852;34.63159104302914;9.680179330373894;0.5231021949608631;0.10824210576303808;34.74884072579275;55.19839761985862;2.8504572722715213;32.00182360660531;39.18732072998808;9.677926233532347;17.380843979036605;4.674214135860303;8.714711847374131;8.755290205422192;48.556593742581846;0.1174627930508651;32.16959230705041;18.28030775755734;98.0006485670649;22.648111707584032;0.8061224114240466;32.65765602345105;34.12732570763682;44.53427807587917;3.660615207526187;43.24737140232218;45.72761856153622;27.895104641156937;43.47731920948312;31.81130774048838;24.950180716649793;19.556150012041016;82.20866833562442;31.6663410501785;5.878166599390905;44.26577276710535;67.00799822901936;43.7383654947148;6.063052027747267;27.603704152131247;61.39436076165593;31.27087452396886;25.870327131738225;38.12729549816275;68.86300298718298;42.25192713285551;78.64625101964315;0.1613574949245489;35.51750734928428;2.3876325499890236;57.79886672183646;30.087073094850282;118.45464958149992;2.249438360469737;2.8888378957833516;21.13996719184861;37.49005892471798;0.129791398260563;36.63717892159453;95.49050972103309;41.925611288022694;47.72746259159931;59.024292415786185;61.06282015659581;47.04538477870732;30.640363913519558;55.543523207700595;24.6300318380551;49.61610931525987;22.85284089238589;23.046226488158414;31.74531021275345;14.966627625585808;24.098551067049275;101.15330962405002;45.31601815358148
31;37.28964977377342;27.26606648238657;38.962608764681015;27.697876584201463;38.53575118129559;10.017944029337645;0.5417481520441051;0.1082099386877345;38.00938899176658;53.35999355744412;2.598641989113733;29.87779549502325;38.64042832620482;8.338826283803659;17.43345934265535;4.78478735191533;7.935047518708566;9.131094420247177;48.63801033307281;0.11739649072999582;31.81627995824774;18.524870187973278;96.74852509518492;28.15391739798276;0.9684565318444355;47.78854339138886;56.678175909064144;44.55155368933008;2.71368805720944;43.94185246309884;48.182107862418476;28.008568865214162;46.732367851239424;33.71691270220919;25.364641381320645;18.704708588246305;81.87445203266813;31.922494856517105;5.001140047155728;47.933516876449254;60.10402098477123;44.58889314167035;6.299528868792489;25.658617641438436;61.9173879228613;34.04842733363181;26.606364753203128;39.54759499750243;95.71448996039138;41.765066277278216;83.30207480569977;0.16127441892391925;36.44083596640423;3.40491612211859;56.27572010897749;33.28281578263763;122.87045240988425;2.4801657793521352;2.483838462650939;20.927678559462255;39.6830387608842;0.12971775257720689;37.89215196456539;79.98043943820511;43.67244635208798;49.322888160074456;45.959979157205346;62.640362911895174;46.77662467692083;32.350261362701914;65.56949020666481;23.844388635595923;50.22493635821029;22.603563808069836;24.184675976089142;32.157928324456165;15.448341379532348;24.4591459618048;98.32786456117977;45.158406633732746
32;39.281323681871214;13.336066368971494;38.1854539792765;24.840791062898667;38.597659551728704;9.522270743647903;0.814074230828323;0.10816024346414982;39.3561317878957;58.756451501270035;2.6588366602958975;27.76295056123318;37.835087529021756;9.564100487075589;24.314254642344572;4.7204478463322905;9.708132421798894;7.997952152389538;39.064147882983825;0.11728902575209835;37.79358391522361;18.890350219163974;93.87283653972455;28.53381248602187;1.0908967228095696;47.1576646931881;59.239919260617036;42.64532116759554;2.3638581717507416;46.427152044570434;55.073934443837025;27.466388456330176;47.268321742396196;35.99801433978443;26.845081942055067;17.759009239910462;85.81440225371108;35.658732579510634;4.614850383974735;47.196934989206675;72.24417338918194;52.47380738036773;7.104769218827502;22.519226772509114;65.85427378109455;40.14312054449065;26.983460630721417;40.64950177082062;87.45603604829437;41.80259862454665;88.88597441634094;0.16114211546433233;37.148656205286755;2.2216592704143796;56.867305192924015;33.470028367436136;142.91056176934978;2.8613689899968415;2.174441436074915;19.484555146875895;44.308392735007054;0.12960046305831968;38.97748433734279;100.63440379077726;45.73391823620938;55.42152900694435;80.13170761958104;62.65969086573951;46.984725831728944;36.44551833427285;67.56205778819596;24.461738046333366;48.6767203110359;21.88935458005164;19.118093049087594;31.510494950114115;17.938438029342095;36.34598000318833;89.8550934347983;49.12067200110803
33;41.0551950464299;10.335382008497124;38.85934328239045;24.479774822444007;40.36691882009935;9.89790021740471;0.7836953249269613;0.1081159883845335;40.331951987028816;61.93397160572268;2.796980524885804;28.55301528828643;37.1319905605889;10.212430356684141;30.34301096962625;4.771269125283053;12.865621633283167;8.194014591316389;38.8247235614325;0.11719580024451111;38.88277610084398;19.932123611665336;96.49521149621168;25.037173371845128;1.0916496781882346;46.45455280373687;72.52842377812196;44.51726376549037;5.192825132037693;45.71838977208637;56.988426134934336;31.182083107580816;52.42388049607726;38.90283160648942;28.359495044020104;20.731593166172264;92.5173133204308;38.610798669648254;2.5707935356598997;48.016314629084675;83.2635221504967;59.68200606244006;7.615540230649433;27.26544860833456;67.67400901490498;42.00901052421958;29.800944810716018;41.48063771341231;84.90096461872898;40.70422110049856;92.86090587301736;0.16102646331825968;39.14895106988405;2.9697509691388047;61.352313195294464;27.775783908137363;163.32615998287687;2.3487405487276902;2.1625936601740365;19.12640148796239;46.94860844274152;0.1294984805024729;40.71928215436025;106.49859019272039;47.80686790834982;60.49967070586029;106.82126659454683;62.308379680314175;50.51659058007267;36.29964791375453;63.06742214005933;25.25149917571077;48.306023700716935;22.839266164167565;19.52471310067224;31.753013854968216;19.07570311244543;38.11990361848808;102.83256941476415;52.55031361417741
34;42.09243764334684;23.80494307686715;30.69084883001817;27.412118424017674;41.625460174403194;9.963711816015902;0.24016143908680604;0.10809151525539165;38.75167194301479;59.705865585992925;3.304770769701235;28.94822869483943;37.12678855517804;9.813997712320072;28.19832833835641;4.820636912863536;11.886685960677475;9.302386353586654;61.23718347239526;0.11714116627942958;40.319565896208886;19.13969629271038;92.17645128249589;113.87435561557922;3.358352299265416;45.656349729992804;68.96962903948224;42.76566512525038;4.991134092548755;50.529130146885535;56.07969532834033;30.908304489374714;53.26927122358065;40.11517883352925;27.183215149888166;22.604025586933744;98.83307627624941;40.54895183975644;2.522280351640137;48.60154721195819;82.02141716585608;58.84689592344462;7.39593978084777;29.764985777610804;70.37672451155159;37.695204735023076;29.81759988624571;42.52760784627737;86.903872190637;41.108576913209355;97.59877631663934;0.16095857678953174;42.86579707337716;2.8354081769704518;61.59732950520329;36.67869629700174;137.61740785443146;2.1194648415121513;1.9464997949278404;38.723895051790265;48.53612266955164;0.12943866481174648;45.01241165795555;110.15564648453346;46.314939967001585;58.0055839115581;96.33654024116854;77.36306412557569;53.60100084922168;36.9305601623115;64.63931478187986;26.20678011202645;47.66612993736382;23.36118922461484;19.109637340534988;32.85794047407911;18.957740914148413;38.3486481643823;99.26713465569728;53.055984232154415
35;41.11986232285504;24.885628697461183;23.879857005889566;27.332691077843908;45.377130067888785;8.330434531279579;0.20953971024548212;0.10811960741316201;38.87212539185304;58.525283388230655;2.466222470257225;27.316307193980776;34.64791122812454;9.014548768643643;20.98557239216602;4.717346284172823;14.840333318638207;8.550475480767455;63.71842812364837;0.11719294460190097;39.905271412528386;7.157333410963934;63.58518423088398;126.84078781501024;7.53916636698632;48.56783556677529;69.07503153459764;56.65680232789685;6.36613946297583;53.240370057692424;50.38137317213185;30.48237716435992;52.02158424001597;39.030525253034995;27.604081317776103;21.14594291853287;95.66236234778879;38.27244422664806;2.488281201895759;44.49876467129082;83.28711566199647;65.45387988715665;6.6723186882007886;29.858142090472995;70.35795452220952;36.982967082587905;29.503335558763133;39.784682580775;83.84348659284106;44.262455975759906;101.53174570773655;0.1610260825820845;40.2548987978525;5.860581281290527;71.5148353617432;38.08734915739681;133.80506601640803;2.254260851748615;2.203688517392418;38.146150549906984;42.02927407567141;0.12949531551853027;44.157287640288054;116.38597731649163;47.19799276154695;54.941428049775745;73.80080599689275;63.50636652685928;50.98046247593076;36.5248150342601;59.071624712965686;24.24545870141587;45.48755217804399;22.77812206929824;17.268432816833666;33.299496317974594;19.769044845468102;40.00409862239947;73.09897884360547;51.97154892992002
36;41.07845995656206;29.062334244054043;14.847499619000104;27.75776603887049;45.12878868280169;7.731185098270192;0.20953894140502302;0.10812054190828108;38.37439188882838;59.66772641943777;2.5148433736948914;27.56321058962361;27.287734459457695;9.57472927331316;20.90546869291487;4.893347104881345;15.432544425729475;9.014362710142578;63.80117690022077;0.11719449356200853;39.78034600229929;2.8552514129062563;55.34745749471757;127.7975088461637;8.578225006467031;49.38952477607016;65.1987057674714;52.24424509074518;6.966870382519757;53.903856677424955;50.781487873409816;32.64169201401266;50.69398789352289;37.212816307140365;29.03828291789361;20.490618582385896;94.68645480285004;39.08381339576777;2.4391658948362442;46.23838120337181;84.33224341234155;81.79034589190066;6.466166519549053;32.72426208620199;71.00505620666375;37.92922067059367;30.05397740850419;41.32683274043394;82.07558135171745;41.85817934080642;111.0469843248624;0.16102875034466999;37.62465424823601;4.057344872004575;110.68949171099507;41.319487138304915;138.22581473082653;2.267823104090724;10.52231536912789;47.093857896473686;41.043589487831476;0.12949719197018308;47.00673462269634;98.38504223387508;46.0006815853576;55.779661156962625;73.06619759754676;59.85185304671978;48.60886815709313;33.205997039591665;67.92324510966928;45.92969857283487;47.70893963849012;21.183403308030673;16.251019275886357;33.926827808812526;20.83423782091051;36.43439636846754;45.3446014109826;51.83678686408067
37;42.77520366264336;34.17065336819278;16.365557860040184;36.43014525215546;46.00345622564251;7.470647797198714;0.2034289873949856;0.10808570550933606;41.82844542746981;62.81770043934854;2.4090044963043598;30.020482518357706;28.18158578570664;9.778214402467569;20.745553993416287;4.793833224324557;16.233863758933307;9.122006460813848;50.06692060139599;0.11712708487241934;43.07228846182454;4.843743610862072;53.65906558657324;74.8190490409603;10.914578672357278;62.184637141661106;67.41826322370376;45.897514735258966;6.740048876183821;50.26767825652164;53.37841584876597;36.936343159545984;55.23361753277614;39.09057960979199;29.11129361701802;19.22923677408838;106.48012748050508;39.621090001852174;2.4063803419699945;50.496530079899124;82.05196877955561;81.90164663587959;6.7269518753157325;31.65923842590151;71.87716161459572;39.79707218491978;31.585058078153487;40.029824562761746;88.08859550961607;41.988554372535724;98.7459400389802;0.16094162939927165;38.51509475011706;2.734644608183858;91.65126840822028;41.16221881314473;151.42584135662165;1.7543795372762012;24.16629559762326;38.96030656411356;46.2570005684093;0.12942339888134385;50.50531092118047;121.33660204805904;47.156670791506436;59.8346230277238;49.650577069093174;60.10930164806355;49.46446547332443;33.01621630975684;71.72862854839398;46.358253416118266;64.47680981558604;19.59543640577948;16.2880228143487;33.35709404499515;21.203206453222144;30.3433269558743;44.16799949224797;55.77907930277585
38;42.452837896584874;22.649702486159445;8.117527445807484;31.807048108837755;46.77075289453336;7.517428901066238;0.9761705630030766;0.10809537968885699;44.459646351333184;61.18350995889986;2.379416524004846;31.673322412732357;34.4728308315006;8.124112241140761;22.514677833324573;4.731938281347971;15.242516776287196;8.265346261722497;64.45069328830928;0.11714489863380634;44.37798755847592;9.829620662856904;53.88073843422973;32.79583401265812;9.363979318776398;69.41746008738113;67.31939812701037;66.06182173075584;6.384196866240144;47.81955487825551;54.16916240316113;36.63389340777607;54.73362521843159;38.62509164054961;28.784444204385313;17.884944358919324;105.69349453588556;40.53599145508277;2.341590177825133;50.07770655197865;75.60557060356643;70.71936014897446;6.84598235286661;43.504395083142974;71.44029147448093;40.8743816781543;30.65596833727504;38.411385071299605;91.50507863994632;41.82609115656088;91.24616814317058;0.16096406389615087;38.418753986338906;3.379817914839852;73.38237795925714;35.31300009851395;151.41261454032136;2.1605873941872087;19.29736831029893;47.81253613912931;45.99815479172597;0.1294425593998643;46.15129972775214;110.25190088413797;48.56806472812132;59.32717339059316;58.006563907918206;38.396138570789844;50.25219083184418;34.48822344287167;78.9723771289616;40.08191165927669;44.61558757765239;23.860128647329304;16.71088019455233;30.607112650747087;20.27648394266046;28.238917275765164;39.71765853689937;57.76298837198092
39;42.01929944259651;23.36677136470796;4.951143052403655;37.5444958910126;44.41571368866051;7.196377144703001;1.391414011681325;0.1080997864202723;44.97754029667003;61.06992000958383;5.499388857036582;22.168610626451706;38.511286930228835;7.553511907727854;27.540210847003532;5.186164004456295;15.438316658883958;8.269236844022652;62.295905044952384;0.1171435467121945;42.30599246253088;10.034233321045932;60.9680262447402;28.967247010802943;8.117663757448085;51.89007878334101;59.762481244081656;54.55798870843005;6.6837409464792055;49.89170591239817;57.671053139686535;36.53007335316394;52.99215221870727;37.228533528814125;27.147388342943625;20.11888053154342;102.50063796027047;41.534320276667025;2.3232660310596374;51.406864679897254;75.00852394616344;80.27850982904596;6.067520353928314;38.91894815071616;72.69126080341482;37.24181091209458;31.011978828402036;40.98247924429616;93.19753014662965;37.981366190142325;90.49102029964111;0.1609695584620683;39.455773752150556;2.15704034209336;76.05502506402405;32.16684897768342;149.00772195072128;1.9842087927855967;18.727517162909578;38.94851403296399;46.174681386287006;0.12944180652320514;46.732792366955614;93.02252740758743;50.42676911185826;54.36368205222939;41.1844096707636;62.44142965619651;48.81923803478184;34.38914296486853;79.06197377691393;26.525790177825975;38.324571549077774;23.42791771861905;20.914762413627855;32.71433233504957;19.595893021134007;24.258358412949153;39.00543493405813;59.499130813414126
40;39.342001009705655;29.262811585488375;4.821414939106069;32.82735391930464;44.03538557744067;7.248680219422689;1.7241873591265566;0.10816588640880535;42.24417642308909;52.12059338401568;5.288858162188996;29.74720072243192;32.303729650753375;9.260127774249106;28.29450351837662;5.085971167876005;15.416349765079884;5.752355047764095;48.1366739021191;0.11730106762165485;39.63745045269728;9.9224473556126;49.91995861145312;32.45663668109997;7.872826540416911;49.30119257585449;61.98718271950937;36.09908605272516;4.740366793837741;46.15720545398159;58.98882078874168;34.59941502513739;47.60924110024972;34.85761136080554;22.89691195043192;20.64688669701812;93.00557717855324;38.194459792107445;2.3142538480277732;47.9688176124023;77.50812842998258;77.45210527671132;5.704521463716235;31.6459713517321;67.56942644348469;37.35959364279058;31.31907088900333;38.291539938990546;78.5833436396314;16.09740454785488;60.0421980571705;0.16115289040745848;40.935507279659085;5.8886316735668816;65.75130947601068;25.591740810506646;140.6129603181553;1.9682035186544;17.86767951064576;39.34180939923361;44.69123279923903;0.12961267448886785;45.42036585433601;100.96754874683442;47.36891512325353;52.40389354887816;89.35942249276204;86.86617832422714;46.60652964415726;33.460192161548285;70.10269799601309;18.952054708794446;31.34247101612332;18.459494549835163;20.906434100256398;32.30908217446057;17.099680177914426;22.481611472000363;32.528328379225094;55.64763695131002
41;37.80355173338039;18.981649946411594;4.030279793250592;32.31063744581057;42.016754139717364;6.918432970141492;1.450702511010989;0.10821169823028758;39.40205082157679;50.49523533170104;5.324660187395246;30.39515419676535;27.880874031614887;8.428787110932285;25.192242910293345;5.108960379709648;16.390326575991036;4.967548053295105;44.13915208749632;0.11740435001442091;42.85704343841874;8.030362570652834;37.4560488673942;49.898676792237815;7.839807194397906;51.968552323467385;63.24061949586478;73.74200980396641;4.492571515211993;41.70179261637394;59.430438491385814;33.95667860872859;45.66539086323326;33.79865464849445;22.051522747930736;19.947387329242417;84.29663831829737;38.002822412035016;2.3135015409766515;46.76490490058612;85.1548816389301;70.66451993622438;5.3460400683897245;32.474624372061264;62.697346093714735;57.051393336136755;33.26545454931016;37.842194191341015;72.06501501961414;5.21296308673295;37.90681403823496;0.16127424738338392;35.26893853221958;11.785496295187905;67.38388859326801;25.702965797330606;121.30484513753015;2.034601315546944;18.432871797986763;45.115671092427164;45.30669558884233;0.12972516468276074;45.49235131237838;79.45104927965282;47.42179336837017;58.485260898511996;101.29372088285118;67.01004157103864;44.195769637365686;29.681795676820812;78.46594717871345;21.113930176263267;26.971588881652515;19.03087856184527;13.439081767023792;29.45997287706672;17.060011022140586;25.078672063057954;61.251084374310324;52.991858032478014
42;35.24236102907532;20.579179836010738;4.092931267303845;29.19508805493485;40.44839111281778;6.9922711442064305;1.2018170908962165;0.10827489754233277;35.63742434472726;49.10653767830768;5.348213749352936;30.17749178302423;25.729723238339925;8.171998633899854;21.275922922626968;14.513084011110578;14.98974734741079;5.263273716953043;41.128510749454975;0.11754140394281624;37.055007473486526;2.5221037086085514;38.82155196299553;32.03127535707268;7.8974402852804815;38.17352532063683;58.3072910622627;69.45750462428066;4.459626086501322;38.07955291175863;55.307231840433644;33.17604337563177;44.501000505717975;31.86733619612181;20.09686922194932;15.334976714810761;76.58028645270336;32.79618989868789;2.3379455735570263;42.62249956536751;75.62981446302196;58.831825718543286;5.436426605771947;35.75096855452378;58.761542377840634;52.279793344355596;31.299973299038612;34.790724505082984;71.41970114524864;5.0579132783997345;34.74654034442951;0.1614425649172185;31.43837649025667;16.533383002589066;69.34508749369405;25.180447773032082;115.4855099961178;2.0324157686698543;12.388839810577375;47.93445038653857;40.20752980187957;0.1298747626224833;42.8110334890237;73.42917543510305;43.50614155013717;53.533963309379175;96.30051033034391;62.91537972458663;41.28696430804062;27.364253118263104;77.98507154289375;42.575337674207354;30.868013873253524;18.75768956835624;17.366382587061516;28.535687130921474;17.34098043320297;26.227116404452833;53.654942861145315;47.06754233392134
43;33.64912391908357;20.442187688757368;5.7969779338937135;25.68398476435552;39.17540361460819;7.637873412985449;1.2320841948384431;0.10831428037983068;34.54571043351237;46.98712341817527;5.180254063585108;31.30760145679971;29.846202488839317;8.998765025696668;26.889800359098693;11.242884869154988;13.604925999447698;5.3866398212403634;44.500290158763555;0.11762650666890609;34.01150190345851;2.5740102669015124;35.25376075138176;30.60292070070784;8.488990882787613;35.5517028744943;59.6798297829111;47.24369081896578;4.577549437854766;38.478436633224824;51.36790142436154;34.18311213324745;44.71091633303467;32.558652969236554;19.448577270073635;15.66560345445033;75.08242321172314;30.686068335472278;2.4198191548225854;41.81399248175338;63.43244381833751;38.08619466351643;4.932309411745518;41.90787866134926;56.01088153177596;47.10693512489086;29.79328809734149;30.552748662792244;73.85061356701593;4.962322474374862;41.463651433417255;0.16154849751259895;31.335904110017132;13.980496198154722;65.33124919285345;21.081847576364357;106.42276174039726;2.0039393511363395;13.81419479296054;40.99639560476624;39.03434022158165;0.12996798636057652;39.537524477893115;79.18052588049018;39.121340250550446;48.37523729786907;93.41829404716778;60.30801693092241;38.37578967727878;25.4179367632549;76.16924572033419;77.40578734659658;33.794313974849516;19.12143112022075;18.565826482055556;25.83858578553211;17.66372956114948;25.490790460198177;44.99928783228066;42.816404346275874
44;31.22596577706263;23.45622907199424;6.386367078443475;17.520021845589532;35.557807387247685;7.908047498564032;0.4853987447675003;0.10838196310364596;31.927102428983844;45.57070616502796;5.291635552424355;31.845938200143824;38.74293695723199;8.165923934519267;25.64352443443084;9.326156684062791;10.844085393744498;5.284124707690428;36.076172693150156;0.11777464365944439;31.242752974620043;2.638644153919547;43.22090912821165;59.41489137633575;8.383371981226665;23.937964128551208;51.46973348409749;35.630050498747586;3.7063053979189764;37.64599450559837;46.59566177381323;30.007980933647172;38.25795285186505;29.384145595954703;17.825735829994304;16.19712450294346;70.99898488046954;27.851322513644433;2.2844981240538407;39.348895597908594;45.65752468725547;46.911502895167686;5.230477916264508;40.97403433356276;52.609663991321185;49.86128089509884;26.99649281771729;29.828356434855262;74.03794722993776;4.740265061682866;35.30964188090929;0.16172857323344;29.39265566211643;9.291651586453542;64.24936941773649;20.51441743197509;99.09111883769116;1.557605599688055;7.010773290000275;36.831651015383535;35.38635423069517;0.13012960615956695;34.283098996378335;71.41768978057776;35.43318647127029;45.95650522427376;45.39009026004199;58.272639181884244;34.59435071692853;24.91066387082212;82.90477679814188;53.53941893175475;20.69712745987557;11.396383439251508;17.14890656438748;26.078568240435825;15.20077725409123;25.09823180878238;41.189970660425615;39.08859979096289
45;28.93677499661428;20.797953431474525;14.91539474855837;16.495093359791113;31.019128427313987;8.009098023322018;0.33781986393514446;0.10844035420203692;31.10760354505922;44.68007535599416;5.3155301504528785;29.624368508671665;34.57693736252708;7.200016724423948;17.443886910955694;7.196819906157025;9.463296070016765;4.821137936883018;24.635255840426048;0.11789640541394066;28.303215564769967;2.63596769157134;72.3274131162705;122.51739406532256;6.949417593084582;10.887204481237791;46.325227044057115;26.161479526416404;5.5544881969381334;37.72380596858555;42.42414446355633;24.452272724051074;34.35708182477633;27.892084420196856;16.049574264501267;14.546824951445329;64.87549265023291;27.2550383686223;2.226576939758666;38.3523406948721;44.21274985433195;47.38457844994734;4.973086275744848;43.63682520578946;47.917385696610474;34.57152892977537;24.597778745274855;28.97898728883065;61.902535656490755;4.537530936444005;29.17526218208146;0.1618806299521311;28.806123547335048;5.417672873867776;62.92399844225657;19.297546112677527;86.95016352761195;1.9329416765757435;2.0967950554789243;32.44750605455364;33.993449447774964;0.13026290647474484;32.73895567935526;60.87608698121312;30.420766232952793;41.0990530215618;23.089900455848255;51.5094904320714;30.871918626241225;21.325096834266795;80.95789098056905;55.98420257605364;18.44435209886059;9.607968076187094;22.186469006554237;25.597566465974513;13.04617803858659;22.139788836268224;35.031317122611064;36.46034787641833
46;25.991943177097017;16.425754544203972;14.140921543796505;18.037085553000164;27.785619536881818;7.7014735190191725;0.28873876450252617;0.10851279269285508;27.251753100242915;36.20530119935289;5.367519087905201;30.229109486009236;29.72088194169995;9.34272011351288;14.544357630715998;6.2707742099417025;9.644437860760274;4.288989639391359;15.717099909811886;0.11804602350674424;25.434965838609813;1.7711479660622733;55.06715293129197;84.52872831746711;2.726736710897418;9.956086402447328;43.73956044261248;23.72091393283765;4.263510392473151;35.63948913938408;39.2539564105492;19.922289557474055;29.572715355402305;24.92399433462268;16.023745548583015;14.15520604397093;60.077414335351286;25.6153678561479;2.0682224165478393;33.80573164609713;29.86996757523351;47.05652298828817;3.954126601363972;40.352829970756815;43.06049380207804;28.50948400967145;21.943842416495688;26.427914920187973;52.819580415223776;4.451496531419045;25.122357753541696;0.16206995965282966;25.42872787734894;4.0602445327503744;70.6578281359224;18.782726229458504;78.54808595706069;1.8634364561435652;2.551586391677586;29.828341034896688;29.746251233417432;0.13042683390715604;29.316996756826846;54.124609676861304;28.9382045288799;36.61838610776832;38.41224807269021;49.8856464117193;26.696867818473148;16.654355436045655;73.39434346856034;32.88355544379618;25.254938329334458;10.32608321135635;18.368579218636317;23.55907852715209;13.916583569867234;21.027125342459183;36.128082173415194;31.497213697707004
47;22.964544789256124;14.01825162060277;7.034547575442389;16.006674735722708;24.636950637952232;2.650682334837696;0.288623395752448;0.10859051800408094;24.883578547950805;32.34406883850736;5.254584965192415;30.33437417539635;25.07362338724044;8.238457587563895;14.053690699793215;5.892950841221783;9.62994936426404;3.6222142509997397;14.324022618172192;0.11821026376776032;21.461189853505054;1.7820694264373045;38.944494433099244;12.098928642467483;1.6747709350543722;6.292054826036694;38.20567577373304;17.74004410168742;5.011394333664008;30.853794816935952;36.46953897884801;22.56003862221919;25.173190302341702;22.301290450203613;15.488234499344383;14.5449255539921;58.70957490806701;21.350148589541803;1.7970684571136348;28.17286968749788;29.096867868939537;25.004011560621002;3.757915072385583;34.972657331732;40.456745306241274;20.176126744215427;17.31112323383887;22.696503978451233;37.5589085275907;4.476303838647547;15.347026967145469;0.16227448539380065;21.642956909986076;4.154738189084622;73.1409884130208;18.59103197702323;56.02984729505229;1.5525824196206717;1.8223614551413458;25.142468225591568;23.730800754819633;0.13060653663404895;24.75032044358934;48.96685393045991;27.456019268890802;31.387415563084677;43.79386619787198;38.26132033026568;24.23443358517578;14.318019526491083;61.531907229239735;30.949151936895124;29.698982834424097;8.895722259022506;11.143382520533669;21.382261971525924;12.51235734602352;18.59933156609988;34.35593130232837;27.566512549592677
