time_step;0;1;2;3;4;5;6;7;8;9;10;11;12;13;14;15;16;17;18;19;20;21;22;23;24;25;26;27;28;29;30;31;32;33;34;35;36;37;38;39;40;41;42;43;44;45;46;47;48;49;50;51;52;53;54;55;56;57;58;59;60;61;62;63;64;65;66;67;68;69;70;71;72;73;74;75;76;77;78;79
0;3.6970180579957477;99.8330200101375;30.00368230431068;99.8331263874738;28.69165346151116;99.83323271733153;2.124823738938521;9.983333902605278;28.45031238852635;35.90258089514602;3.685906131853479;35.078795530771956;43.28172316615569;14.137957094644158;14.824648117311535;56.551711525530855;12.633514803933702;5.002988734360835;24.746240647966516;5.710779732808252;25.102312918359647;68.52956900115193;90.9302942834884;171.32333848356828;34.26466769968632;848.1319281555411;40.24775533031286;646.8946668877833;5.713566307764963;25.751322191618787;32.26249338850454;64.68949457312144;27.014919003360983;21.067338330237064;13.809513116932525;478.8097693914534;56.74461399251191;25.65746502551295;3.270959434193913;25.99648155685397;40.649434002345004;456.7681634847376;5.391535657757386;456.76870716800136;40.5542102507008;72.50287699322118;22.136751858031488;26.208752261826255;56.402771673581675;14.26055721018766;26.450933433663863;449.20809400862856;24.989057185368306;449.20863545788706;89.47403655756499;22.460458812554478;92.71939635394905;179.68388663465134;4.55539402704112;179.6836662955837;26.347021368359734;48.57228600715865;25.277266161839723;55.90649706721514;31.04199576164783;36.56491319290358;73.50813007595282;279.53356506584737;26.92844827231331;16.27813267525798;62.627482740500376;279.53464334790164;29.172822246188307;111.81407279632731;13.710147980562231;19.566082098584634;12.026002331201331;44.370834603597146;57.26921986704876;26.393055600390884
1;3.4362267959162827;114.06667053604723;35.39102866883985;114.06677655394435;28.134131871556082;114.06688251086827;2.1377968012694426;11.406698841333219;26.490955694096098;31.263327666699638;3.6074039770163817;34.089827708326766;57.692472163490194;14.093681986441933;15.011521189191507;56.37461155196396;11.20252965784259;4.758829458524415;24.776767166595423;5.586019890315461;25.90554990497899;67.03245001717146;57.045143734931045;167.58054334209837;33.51610867082665;844.7699829011185;39.30854046007271;648.2287559487805;5.448491359064851;25.00131285207993;29.581600331447884;64.82290058950643;23.6561935777336;19.105261969978468;13.862395595494053;484.5748820203343;53.567331146516615;23.492020185781147;3.3907311916484875;24.564250003313003;39.718649817185295;465.6400035707596;5.49120879841492;465.64054747887525;37.43106529437828;73.91110547264095;20.42655674836836;24.11232676407807;56.399635513245585;14.554127188633045;28.39230255721453;458.45554853009054;23.107354706713583;458.4560901791723;87.10797403402786;22.922831558303358;83.63113097923957;183.38286868356462;3.8263435213630896;183.38264792738553;25.858732844894412;50.58254850529341;24.038289097412186;58.267641283190244;27.239372902313708;31.61568872874374;70.8667285590906;291.3392864614074;25.07469118332765;14.368859391792185;56.11959085367268;291.340365050185;26.03144641736422;116.5363615345782;12.540161370466679;18.641009052448645;11.524551674020357;46.244758750281775;45.0073928401834;26.187410903371077
2;3.194025106451935;115.00518633808487;34.006778062453456;115.00529255939782;25.29421151522232;115.0053987154056;2.1392768583829525;11.500550481273503;25.0985996265077;27.14043502122311;3.6419016994802322;35.26046329057879;59.411041793316066;13.898668766143333;13.582929595374063;55.594558474743536;11.398426454448822;4.44011318690719;22.444485408727143;5.858796111453724;24.484599327296948;70.30576504037478;72.74663879876314;175.7638298801885;35.15276597806679;708.2878235486473;22.649062441125277;625.2989604212781;5.170597405291746;22.99860547137495;28.450860518203914;62.52991229521321;22.150638197733013;16.922659863012115;13.214073466872737;453.6111093827077;49.75491867868864;21.506825495016653;3.271127071021103;22.93982761949126;38.3869250516975;441.0081888205018;5.113264120465358;441.0087328200188;34.8245910620451;70.00129294750018;19.482864675523263;23.981558430111498;50.67576305349423;13.776456584409175;22.09821266566549;433.9589247832623;21.101299773674704;433.95946676712674;85.14299238214349;21.698000407678748;76.27941594505798;173.58421965941787;4.49457166761377;173.58399199308423;24.494431772145454;46.75145511362048;22.181171400310078;53.79710574995104;24.19823542135383;27.850870670833565;34.951585362009155;268.98660983146226;23.660504923654145;14.176216881466916;53.6875373492046;268.987689664494;25.295231393341016;107.5952916607464;12.488808460599941;15.718220969985333;10.373050480740037;42.696715397458284;36.14491040518726;24.277818772253458
3;3.022600295720852;97.46941040897346;27.571761615880863;97.46951698619674;23.124394619922104;97.46962351266379;2.1290598890790315;9.746972999449174;22.817107684666137;27.09557504640695;3.6329985898790733;34.247175533960515;57.83343726695502;13.244269969049197;14.916540919752109;39.636388751676186;11.190159525040935;4.34833310117239;15.424603387751937;3.4273983618280455;23.184102665247647;41.128992985187104;67.00017743597978;102.82189709861298;20.56437942053307;607.4314730830961;26.015729962635575;477.35410656402485;5.444871922042856;22.44590250030543;24.948312782057947;47.735416294601215;20.489099195847125;16.685044081200086;12.159920604013319;376.6298116844973;51.5572187049924;21.591044290419287;3.277729674629173;20.974510452422777;38.6384491390635;360.2271455156706;4.807874579158867;360.2276902202971;31.397002811636156;57.17890479554022;19.14604581084249;21.811301226541584;39.365703937305106;11.188963013228445;22.38128067579699;352.4528782606486;21.292841395680256;352.45342126753;67.77644582052253;17.622698187238473;67.35569259570056;140.9818023479063;3.861124631158382;140.98157007146085;24.146717511384182;33.99341010523296;21.823841826367513;60.04936733162673;21.70058592846268;25.377911730753244;49.145687836458464;188.5602600033058;23.007515702639857;14.147777827964376;49.75434596526965;188.56134302422458;25.66071158754016;75.42475368347482;12.347363888177043;14.17021552512745;9.742820298696996;29.930629469647467;32.02857984629417;23.895599338817153
4;2.9003160630910334;92.16589680238182;27.306856672203246;92.16600346962979;23.718112493875566;92.16611009065589;2.138253446330948;9.216621666745114;21.318455284677494;24.83276294607002;3.563976335790213;33.87578267552107;58.556380499310215;12.864871341566886;20.503654762165226;33.60993237445814;12.608389007621646;4.270722781047368;15.338231782781467;3.1176798481167918;23.081130149390926;37.41237104950347;56.32805723134141;93.53034162399709;18.706068325448015;694.284755618103;46.82334138949458;460.16937314553405;5.752691733655389;21.430647705280283;24.747284318467187;46.01694121920418;19.625014049898592;15.843386853097702;12.133340319595327;368.44775014970014;49.21818340829184;21.241441707804082;3.2844544610171944;20.707299914493742;46.19039534863929;355.86894123958865;4.727194943419284;355.8694858064111;29.80272327389605;56.48712626704027;19.069696902619466;20.19642060770866;34.56676514157596;11.034935306932587;20.585403761536938;347.60100541477544;19.54471936679924;347.60154834234254;62.63535954509717;17.380104537642676;50.10191374897871;139.041053132189;3.7925690390655777;139.0408200719429;22.944833332017758;33.32230080253314;21.664527644853628;53.38621463035073;21.21803710228043;24.54348707193153;84.58416735851;184.45701079150902;21.83687571487339;11.93190842206155;45.82889797285789;184.4580937352487;25.32917379765162;73.78345395771687;9.460571594343614;13.976638698087465;9.854912084993828;29.279320049653485;31.267757528947214;24.07257829208807
5;2.854339640211235;72.3440360408071;27.633926279441827;72.34414316129589;21.82444657745434;72.34425025543526;2.2482705713906688;7.234435732756954;21.05291119016003;25.02547446297772;4.311876764587135;34.57731487713884;40.285283244807516;13.43397038367849;20.388587934088893;32.05917061840272;11.187015834581517;4.277916090132949;14.30664704387825;3.088876735183711;22.76543989659548;37.06673481584758;58.90786545403684;92.66624797353589;18.533249595390195;638.6902949332712;40.50315611051249;436.17584600409236;4.774325256728074;20.523935670582585;25.173775596116748;43.61758949683304;19.829724268329993;14.482279249308498;11.577254223039574;344.9020075441991;49.78129524459886;19.924391837668516;3.2713252224134264;19.742877015202374;45.143952754100084;335.04556506871216;4.64226506339461;335.04611022577706;30.42257076783334;53.18182848419908;18.67230670514241;19.858597293880536;27.922317267087198;10.385876836796495;24.13222322449784;327.1556642297581;18.811137424119178;327.1562077835318;63.480585547690424;16.357837541401242;47.87641508127848;130.86291741630555;4.472494924331029;130.86268409105753;22.649777380950667;32.23973471838197;20.29990306630837;50.93985919347281;21.30087543133726;24.76810535790504;72.33430027418324;177.78876744107205;21.01866689213178;11.596109201872707;49.40657446146721;177.78985165453963;21.73573050925586;71.11615738163168;9.121063547285422;15.222390471432107;10.20148787267338;28.220869232104473;30.722536039036903;23.80458819155422
6;2.90674159206421;96.57106618236642;30.949075587052526;96.57117278795275;22.562728416663074;96.57127935249221;2.129683056145676;9.657138587947363;20.76811772612153;26.52853462352727;6.287745469588161;34.1478192822888;62.95432628421378;13.506383946088308;19.650386483647146;33.617156196832134;11.390352807922854;4.340332223487337;16.179754765481768;2.728433045500981;23.33693225530476;32.74140937151016;54.58978015753677;81.85293754809992;16.370587510291585;648.9874641221464;36.97356047720967;464.12091171455796;4.970803699791166;20.89396506377758;25.29461244562129;46.41209100813824;19.782383993814058;14.138684807075197;11.996186530701443;383.88789342929977;51.3190341531875;20.291474471082356;3.2844230612010015;21.72292644133155;46.732535209093044;372.2975828277034;4.647842101135124;372.29812670623687;30.138330669701972;59.09484661100638;17.902856304105875;19.811519728587655;27.17594220594001;11.587835533365368;21.789579678777333;365.0173619410908;19.565818642324952;365.0179042809122;48.38221364250103;18.250922307324252;54.74013719325254;146.00759507697617;4.650456214439599;146.007358556714;21.722561274663974;34.35361771278816;19.447945145939087;49.094706983695836;21.7956382267711;25.265350950843533;66.7573980372334;165.33973207470729;22.14549127004924;11.704114033309473;45.39933933961061;165.3408142068687;26.90785144888136;66.13654201556454;9.148977634646016;15.265938962557557;10.019193159666305;26.24483110619949;47.29308053615686;23.893153289953315
7;2.9069500937651127;100.67075475833312;30.802443194449815;100.67086135556681;22.72693369497376;100.67096790519408;2.1270850889903903;10.067107437610108;19.84529611936366;27.633286670982578;6.737765130190482;35.068419957719506;59.60932749119814;14.067598996935907;21.16887487734361;41.06184293168594;11.188159170042187;4.466750425541065;16.003459131177472;2.96515652758173;21.87145562396925;35.58209100724695;73.909154198479;88.95464225879637;17.79092845257439;648.8006972697407;34.955042701760256;474.02672546990965;4.8496430896169;19.470279745783408;27.831641698011772;47.40267250984496;20.07838618975464;14.789534716930088;11.825225492529114;386.88096277678176;50.90016899278748;20.18662466431036;3.256039781406684;22.777645535545116;37.381106671056955;373.80919534889335;4.851775499234357;373.8097391373469;30.138101147783964;59.334785084766274;18.11777670328442;19.30375798178042;27.972516767009797;11.65146903667376;24.080665500259173;367.0218170896353;19.996009651326567;367.0223593994685;16.87109447371053;18.351145063532297;55.36390404839059;146.80937714177844;5.023571485778064;146.80914065278105;22.54161910647998;35.43404593718243;18.858851317432983;40.516779627127676;22.06066587619615;26.378930783510903;63.28369745941491;178.07677235610745;22.41626971959726;12.134638836032494;41.744069285773605;178.0778541112743;24.073623519199337;71.231357943356;8.951548064691032;14.8513379682011;9.790280404544253;28.26658341898087;49.1453254383912;23.302324971109105
8;2.7418285398370084;93.77572065233126;29.50676755015736;93.77582765142235;21.694949982590217;93.77593459497335;2.12820839780345;9.377604146887641;17.002516765346044;27.053521312209117;6.354845053987708;34.26376087637094;48.26895567622195;13.918958666662531;20.06416539716653;45.50718190426995;12.400454081937804;4.214265800317528;16.185335117711848;5.064737295370073;20.28435955422216;60.77706102711583;49.13852714966488;151.942065324802;30.388413066076232;609.4285701298534;35.664061367504225;431.109446389286;4.268211754888563;18.971763701454595;23.558063084093515;43.11094303008676;20.081329048614226;14.631002618977565;11.646858040711932;281.95592795258307;49.303699156193495;19.369101966436403;3.2714836476087314;21.210362904313467;31.137573165244724;271.85716745560444;4.521035610900764;271.8577116203835;27.444802704559244;43.15192321907544;16.086125615244224;18.052707071346113;37.746809397034745;8.411349704990407;21.730947663525946;264.95805893549425;19.27287376312059;264.958602071371;17.929755886354464;13.24795724213352;53.53851985902388;105.9838749650682;3.921666412448059;105.98363661334294;20.431747596973988;21.739507966326975;16.898783024548916;46.61972142244087;21.532481652264742;24.331491768232798;63.84772100932058;111.54009886565015;21.531285678513676;11.667223214578517;42.042012641901245;111.54118319567291;14.453730415010755;44.616690119818514;4.673752287902721;13.56666359348711;9.962057893684934;17.70520776052409;39.85587127287462;21.805339776059927
9;2.6539040527428126;85.7982360450846;27.484321123953475;85.79834317970654;20.840866255974376;85.79845026285365;2.126060766907009;8.579855729034428;16.05840583918856;26.344805690402325;6.7546465880325295;34.923298567852015;42.11009245758879;14.516663810981223;19.487823103066923;43.6885611223872;11.180964456161224;4.27957662192035;18.30308399059956;5.2870718895211475;19.180486748594358;63.445076456883854;54.550917242801845;158.6121030246682;31.722420606011614;625.2956750187913;38.23404244485996;434.126636946738;4.863022918164806;18.407093665216543;22.816701098680095;43.41266129916778;19.59541581153595;14.061304015830665;11.153074402615943;278.2581440668294;47.71127680948998;18.043523888578857;3.243062549404891;19.530071328121338;30.99747645932716;267.17850398445563;4.4567512769705075;267.17904823664793;25.885758371616046;42.409278170762875;16.140357126401717;17.318105691624275;36.61303490810484;8.227715891316599;24.04661593301551;259.17359397552804;19.030925993876195;259.1741372995388;15.674396986572422;12.958734012959134;51.22564674311227;103.67008921310467;4.0542565218843345;103.66985070568634;19.978427245835086;22.515446804803045;16.145449763261265;52.012754883136694;20.792908994418607;24.05089335031023;69.64985380114703;116.31671282430102;20.933650509795676;12.236884581208367;43.49688780427511;116.31779759815008;16.081570637619535;46.52733596780158;2.982821763538677;12.698366436206904;8.994655745098935;18.463400622353372;35.615870788887975;20.560680272592506
10;2.531361941797486;86.12715539232502;26.616868729689585;86.12726251174038;21.279691295194;86.12736957511669;2.1155292317861387;8.612747658066613;16.419715022259584;23.80939628150464;6.3827564422309875;32.706541007753714;41.67184734398885;13.790667374530194;22.22472397862415;44.45572554492189;14.838241965569141;4.290376270727374;22.95042944922374;5.443518532976841;18.172942722325264;65.32243611686474;54.369432943911924;163.30550237445607;32.66110047601369;678.1844712776934;43.1314637804097;462.528345303146;4.209098413620422;17.387031115885392;23.117549880606777;46.25283366406062;18.304821798482816;13.343607922499807;9.725038004307793;302.0940641944057;38.63218830914594;17.817265837943687;3.099046451448698;19.180840565110042;32.756065806812536;288.9195659779474;4.158615659879642;288.9201103646906;26.822243109844763;45.86024051821628;16.29208219313953;16.417012867239063;38.43287405768817;8.921767517094693;21.672405427706828;281.03622020155854;17.73931799855186;281.0367635094695;15.1408403438557;14.051865321306456;47.39883562088422;112.41513965626852;4.408535035196674;112.41490164015335;20.853794290815433;25.19530858262255;16.77768969964183;42.91721004455239;19.03729468472198;23.917560525142477;83.12801541731788;133.31388006064427;20.833848711025382;11.146382958746186;35.60046408830678;133.31496458698652;13.15130252013442;53.326202704290225;3.2156502526695303;11.476657601524842;8.866051785875369;21.16136355580588;29.981198305792145;19.03466289359282
11;2.45249278940215;86.0762993329021;22.498776357096155;86.07640661835227;18.90562016396219;86.07651385160592;2.121608119404193;8.607662103760978;17.014981574714326;24.238525543140426;5.54105737995553;32.64812608063925;44.8279356274547;12.486733910602815;21.403483741190225;41.248781818584376;7.568327336081332;4.925371606033539;21.707572935023688;5.062462760165094;17.676820665302653;60.749767073580415;49.465761187318904;151.87382868367067;30.37476573767944;505.160128977906;27.788993902018895;366.2163446329393;4.592117741179534;17.379681947466192;23.178188788395275;36.62163420717198;17.669705659289175;12.821176011849813;8.61616810128456;216.96855570575661;37.27209434525935;15.80286375149684;2.841896846974191;17.753121619744398;30.436200113773598;207.01354365993376;3.924963673111951;207.01408952863787;26.912178281841104;32.8592847724627;17.05025003733138;16.786848993796667;38.83932522545132;6.3299195019510135;30.58151195206939;199.39300943412272;16.513408782815073;199.3935543662854;11.398912355906177;14.222888823488553;50.006716429100585;79.75785734538162;3.7193711747532916;79.75761840100759;19.394150650211238;29.69690591255416;16.04283413483102;39.05449613004844;19.462840314328826;24.11618404345296;58.926826304427514;161.3740851596735;20.150168793007207;10.93208960890946;29.391905197917566;161.3751726170257;10.755558389140193;64.55028645718492;2.850582616685848;11.1303827527693;8.459752336590968;25.615365481393088;32.05306957740128;17.33232935473717
12;2.4217849145980304;100.94689460832953;22.598084941452633;100.94700180642275;18.699654097987015;100.94710894319199;2.1189885693019064;10.09472160068225;15.899431623248923;20.49551978307278;4.559693354347025;30.18532208620417;58.690958187366334;11.269949922899563;15.649217621076684;42.256354126342416;8.762888878918371;4.372902343875664;17.71998529698285;5.2572263128951535;15.586888590118452;63.086929569840336;49.474183421664094;157.71673573168232;31.543347147289776;434.68544304370954;15.44688878892441;357.45215772202863;4.51773334577472;18.049732904560184;21.123582237239873;35.74521270825433;17.951883320204846;12.903035652986391;7.784447682201945;202.72797302796258;38.15120791784515;15.225235120826886;2.8679402312226303;17.647533275442534;22.80017332129197;191.54853182007275;3.7516673567902843;191.54907739786125;25.95189545210322;30.404520662518696;15.805974065702236;17.506934538939642;38.56374321863469;22.215054149883894;24.04724528144522;184.6692217491135;16.35162084112136;184.66976674540743;16.976514649739784;13.46297025953512;48.134923440679856;73.86834241998315;4.276990428566612;73.86810316197531;19.03736116746878;27.3610594934377;15.607432307406514;40.18494682033039;19.942432585929534;23.675463310251075;29.708848690829708;145.32270028946994;20.638947939224114;10.984131080934976;29.372527064793296;145.32378842126332;12.60625433313088;58.129732956944935;3.272078822585669;10.318527400992798;8.227305571798178;23.067526929171994;32.133366518646014;17.049546377097453
13;2.51564160600901;49.89633159222924;21.314716442106977;49.89643895074362;18.14211700738397;49.89654629395725;2.0641683418680072;4.989665361058876;18.173786921212404;20.231173189343;5.532180540409025;31.44920309423532;22.94883935593273;10.071327559550927;15.009480946886367;26.94791071847371;8.365507736031082;4.064741138776056;20.14399596324543;2.7243725752759596;15.04913610418099;32.692685381082235;33.245506215950755;81.73112305759246;16.346224612062592;336.2123408625506;16.619926044184815;290.04180308887646;4.622547851914226;16.411117003462593;22.601462255930986;29.004177867777102;18.067667184708654;13.390165469989782;7.3911056449967445;209.56850185115687;37.348099174881476;15.364975986632373;3.208545018500169;16.656099889828827;26.146020358697985;196.42362291575233;3.864281585383896;196.4241689718308;27.18290414271171;31.17834490785932;16.144342728561107;16.22099946794685;30.258781985502083;42.8655692944128;22.738277203067177;189.7900892637;16.986762300621997;189.79063462391105;19.977549864763784;16.455797194037793;38.71488739117357;75.91668982808764;3.769766361613231;75.91645089371755;20.033902384178724;28.271372920590622;15.901353240408639;40.06663128413736;20.65894988766691;22.65255388103643;19.053072533536334;160.89500048679673;21.182870439542885;12.62649640889873;21.422153640215292;160.89608880107127;14.267970339425377;64.35865312277292;2.944499594458288;11.17631858544953;8.592297261393588;25.53932064587942;29.90100114843833;17.767161137104903
14;2.658948933762949;67.37072321910628;27.003877094573035;67.37082984385387;19.908854439688596;67.37093642581962;2.063284812887412;6.737104298229428;19.79412976616261;20.44998248873817;6.034588232673919;31.969153123369765;40.57245935064152;9.822903004709655;13.650726477855665;26.79867944266126;8.567964307051675;4.3111875803672435;24.257695035455416;2.744869199907256;18.493736763446385;32.93864322790495;37.404157519545514;82.34602206144604;16.469204412858687;376.61500434903;22.997740579519725;299.2828863529735;4.833260903110402;18.558095754173895;25.16841689062267;29.928288951072375;19.423779532788274;15.0911866110789;8.700630373746428;218.71822933416124;37.8685375233765;15.357555462137881;5.381874768139522;18.806983827798668;28.062830717850414;209.3716367653876;3.8500717905357313;209.37218297435348;27.724912513227434;34.20115101170764;17.801436031166503;16.564817903897826;28.713082140398445;23.383736423324798;26.65337891690581;199.03938234836303;16.901581978518827;199.039927699508;12.093856458928249;19.7310579112551;56.33237552682194;79.61640700090707;4.28652660166836;79.61616902044457;20.208619318388408;29.795989821172796;18.460777649406364;34.88381887347936;23.02819720847875;27.73244655898612;30.356687258210783;174.42018290727083;20.43612622368264;13.501530237334073;30.04209730908648;174.421270621577;15.294922912037542;69.76872567881878;6.654385997575353;11.745078559324314;9.238825060929818;27.68617468434788;42.62440145723534;19.295840977987297
15;2.763568775695747;56.01436207754826;20.15490683953449;56.014468850489386;20.655782655656193;56.014575588465576;2.0624799229944624;5.601468230699683;20.082264358543263;20.71089321426431;5.323316414501144;33.37722461160729;28.153948854945334;9.955872628583732;14.305625461521679;27.860829375157508;9.3714036911425;4.4289575118672495;26.437091686673185;2.9246602691509365;17.245746945415956;35.09613640193886;42.7109750512991;87.7397540710105;17.547950814837638;513.9552415824552;26.107205245044053;394.5060633627655;3.8062076210012883;19.642148374529473;26.206850739080423;39.45060781659838;19.358844555596427;15.444284373597725;8.737138331268488;308.4670270569469;39.579977553475906;15.750338674494898;5.685912521145117;17.44356346523882;26.477802178644268;296.52606666250364;4.062802603408531;296.5266121349536;28.788514332750907;47.067623108418694;16.760560460157954;17.313167329435366;31.512465628450002;41.01757702237661;31.722117687566005;275.9554254739287;18.808600512426015;275.95596982816835;9.39065007120841;21.22817363616445;65.11144632150278;110.38282299374598;3.9271304735794903;110.38258864857104;20.61814592057724;32.48586401308831;15.106307374457092;38.24364830270361;23.706898749729106;26.491043140862242;43.131793979242325;191.21932836332556;21.253433188730256;13.992505128519461;27.554645876917185;191.22041431611683;17.164269413374228;76.48838279116215;9.445464492714606;10.812334492519456;9.847604321549381;30.352704995564057;33.09068078891264;19.917474354921875
16;3.045308601719399;98.6540697354825;30.946954128276815;98.65417538949063;25.166970703150547;98.6542809740118;2.06084083521741;9.86543865084978;21.961574548095342;23.96484812816486;5.163214178477396;36.04973164863428;71.24741305161908;11.449348796188014;15.933570802249822;27.407068531804963;8.975237636997822;4.5192290064498835;35.38454969786962;2.6717535895076696;17.094945672879703;32.06125369833255;39.74600122155301;80.15255425870733;16.03051085247577;607.323765770329;23.844559633860328;563.1980248901632;4.328203495288921;22.561255049784222;27.419447158942646;56.31980571767875;19.651587777601307;16.154817751431292;9.970015518752401;485.3214588885281;49.268503455003746;16.547201213670636;5.96753109616395;20.28597889361526;27.073267300115518;470.3771203483099;4.034935539400091;470.3776636142404;32.5870510769667;74.66302947241333;17.503463263951982;19.586165518053512;35.0498047072529;42.24227548240867;64.51872287609321;433.3965208964206;21.314850457772884;433.3970626557251;7.835618369938424;21.669880196297406;69.36738018735176;173.35925793335275;3.460362523711046;173.3590279395386;23.303179377831107;46.431930444304776;17.99590890449846;55.8015218751197;23.558101721815625;28.667301011710272;19.73850934385425;279.00869035412074;25.51669581023972;15.735105889931708;26.61068271489862;279.00977031706446;29.264103771704807;111.60412396975892;7.547024324364325;11.877325885854633;9.273022540529784;44.28752191973733;24.877768425238102;22.416138254513207
17;3.1095831407162935;101.7739428024329;33.24288690875128;101.7740485391075;25.127064184250408;101.7741541981641;2.0605401246533894;10.17742597992931;19.453611747136343;24.49421467989064;6.908227532037099;36.408410335537575;72.9611554070343;12.111563619425018;16.51168642033675;28.813199572324567;8.575805828600135;4.92559609095381;35.696354101234704;2.6490796896308266;16.94505468589917;31.789167021233943;34.40728149990731;79.47233723906835;15.89446744856185;653.2419627999519;26.002280513993203;618.8540434294206;4.03617242936364;23.033382106533296;25.69714067172765;61.88540512098276;21.394402467979017;16.96171777394813;10.432148684570672;541.5878676203434;49.61187659695776;17.461453843499;7.06763609474793;22.88446911765202;28.08880945920792;519.1047453181972;4.021760953652556;519.1052884746051;32.79136703846846;82.39757229147304;19.228192326807932;19.6700288547738;44.46365370996842;42.11021034857537;84.91917842342382;494.11637711877825;21.972828491277312;494.1169185762558;7.201965530774214;24.705872976888518;65.78311108001259;197.64720003510382;3.2753044409412437;197.6469713379491;24.528884780396602;54.02461359361889;17.7299253706179;65.36627996900293;23.01347623811262;30.81953613704452;14.934591610764333;326.8324800749864;25.74395794174686;14.268912006585172;23.393621629526386;326.8335593010589;16.851299231914695;130.7336394059755;7.553230391493859;13.382173355655544;9.592197559644976;51.87859932809376;25.96013589580438;24.370008900080208
18;3.4630201916837655;80.0580033179337;35.1050037746302;80.05810933125072;25.744341697614747;80.05821528239161;2.0581656166000277;8.005832118688174;21.166061753561085;30.14635710486779;8.529779403644936;35.490206305418;64.85101954121072;13.211335658861056;15.674575652383913;15.207397093782363;8.581446982972865;4.9604935242442725;38.110961322708306;2.3365050319532883;17.821881377040334;28.03827183968349;39.756500487014016;70.0950973424867;14.019019469228006;481.44416079369046;21.982315067690337;398.43535305876617;5.004551249539791;23.793118353272476;28.273393328210528;39.84353490803232;26.01557150176043;19.092212422813954;11.152176980576947;330.0733570716019;51.42062588773029;21.53058187625396;7.077360376476674;26.2682920553467;26.534374438935306;309.70981484236137;4.341487895973234;309.7103585853034;37.25731388249016;49.16028046855705;19.618151292770165;23.53626515810826;52.88730816639594;43.60531606981962;52.56969217086446;298.22886588406146;21.863616935635005;298.2294084471455;7.960653077933094;17.370326986513394;81.9911570122633;119.29219699456002;3.7258391856040323;119.2919609222694;25.11652013355321;32.0285350876839;21.054250074351035;57.67326182989386;28.121691341043654;37.83008626004084;55.528929835551246;188.30599199387234;30.585743636875947;16.433238025621257;37.91029614624275;188.30707517566697;37.918418379493914;75.32304662399078;9.615487913467637;14.425984770279335;9.99691177039279;29.890269591248174;21.095726087846657;26.680877941188637
19;3.6746151198148143;79.86222091333437;35.907692343220226;79.86232664019539;25.93219351583577;79.86243230982494;2.0566253711251226;7.986253793594638;23.347630905602976;31.594152434704732;8.263006341248689;35.26523420195051;65.04689928852444;12.320934474047407;16.440242738140785;14.815733875624238;9.99465780250656;4.487996030774822;30.015108654599498;2.27493546236981;19.771661321654538;27.29943645119383;43.81945285111356;68.2480103863633;13.649602078162356;473.02648258910443;24.693260680473486;436.3749109410069;4.198248887861068;24.648505346382418;29.075678819542993;43.63748955563462;28.930265415565703;20.73777438191331;13.488199965810113;369.93958639829305;58.2643411919027;23.499271788071834;7.2655847810238;28.536237928276243;36.8748814822993;348.4481647895358;4.324478020207036;348.4487079978148;39.74018652689077;55.30922502556348;21.553806590588454;24.171117062888804;51.57531585264671;44.279467323273316;62.44755105229197;332.63131671082107;23.677230528771208;332.6318589360626;9.366044414331437;20.852824911919022;83.65948259901133;133.05317698662827;2.9988164397953656;133.0529422704086;22.089822875451496;39.51773779088501;22.119119374367607;74.95778148373;30.83628227715907;38.03400192060342;44.20898992980038;235.59795577229804;31.270863692616807;18.96442607728982;35.80997079177759;235.5990382076818;46.40615408600183;94.23983166955276;12.137422610263645;15.898881522298264;12.069795671293154;37.39693013973523;28.25492995930553;27.681066880914912
20;4.028784250813676;67.14764949264037;45.21700722734951;67.14775498704614;27.357782013803117;67.14786044213957;2.054524667833646;6.714796587779322;27.232311099222223;31.94414510549609;8.617139106030693;36.4541169928238;56.38120190224695;12.136524219753847;16.02755142234378;10.766859470164562;8.791370397901854;4.364439877244106;29.605411465120135;2.057289170561034;24.16568459567221;19.0973864293435;43.622409047494436;47.742885927539525;9.548577186233347;426.71052102448675;31.42582539854251;388.90830688744967;4.082272950479355;25.9166568575134;33.2263558501551;38.8908297946069;30.21523321165278;24.321879563460655;14.46854897364014;342.43955510503446;61.13338664188056;29.533100234868865;7.494451390006902;29.88494651015694;49.76362612817885;323.40392015030903;4.305875221981919;323.4044635665738;48.41737765856309;51.33394825573397;25.77524153281365;28.391887907941264;61.82719287503309;42.098351725437794;56.38973157462909;314.62631155565913;28.50337346331877;314.62685393349534;8.688418752435698;24.39268275631118;98.85366960432714;125.85117508564466;3.9099365728792517;125.85094373883379;25.64896676787876;34.58971884391258;24.662186145669484;83.370347412531;30.547376280165594;37.68865318231756;41.3820492097361;203.80333140179414;34.26628894894209;20.29208400624111;38.389079584614464;203.80441441713631;55.56778822228763;81.52198226082625;10.845728758230283;17.204640377801656;11.828378330453553;32.35016458381225;21.66989503570483;28.916238989587654
21;4.090521998025261;76.47397153140786;60.2944910103856;76.47407682085722;28.065442722158263;76.47418206643376;2.151561527751093;7.647428729174541;27.850278925133765;31.894653495618158;8.309146011792857;35.04433356886093;69.73188946937388;13.295192703056419;15.609675738114618;6.742493458314621;8.794414475515486;4.760921294841084;28.26507184381889;2.056998971742855;25.183127021568662;10.992614974317014;48.281746738816956;27.480958424324403;5.49619168540901;427.14811673680896;29.73727347902703;356.0922354810778;6.263466765322451;28.6402699702036;34.20428455012647;35.60922492129027;30.16498854950818;24.977600135973233;15.378664222470228;329.3996290470723;57.84310280823179;27.95549373750097;7.384565205628284;31.005168806794348;55.67425077967011;321.49082390271417;4.616145651076517;321.4913689489133;49.75802123258686;51.03028350857658;25.710896881347473;27.35098914399951;63.60519624587862;43.64849098414492;56.84083541804251;312.9623939487582;27.199569772956742;312.962937645066;10.827620969543009;23.245053734169083;95.3691244886944;125.18560954642524;3.276100950935887;125.18539112936149;25.782020901721165;34.15422667967737;25.593733118784378;72.27441399737634;31.39629125462821;38.771177949352364;47.21909325131517;199.33230352120876;37.31577220864212;19.19445432466874;45.7288046390839;199.33338903762098;52.62110735028782;79.73357257122395;10.487540491505774;18.729737962041686;12.32115311612957;31.640478537280153;24.705562943580034;30.87853502884938
22;4.308965837271804;76.92101311125356;59.32976000713766;76.92111818613824;28.604035569714892;76.92122321057579;2.0530054907039688;7.692132820910172;29.39009471876898;38.094914589150264;8.552191037593472;37.17900201857324;68.25050909216468;10.376611165077158;15.40756970228973;8.670914342665872;9.200958906838485;4.792274414444137;32.93048360270724;2.055946542779024;25.08779167110211;14.741880790110665;49.17001809867879;36.85412429173737;7.370824858979856;496.04988817487276;26.236068235688283;391.88010680481534;4.481537225970307;29.968285064793687;34.76074250915481;39.1880102108092;30.796664602725908;24.414222941763857;16.491723557402597;356.1247008544984;66.56527897151125;28.976479132191013;7.608088700284789;33.09615713602446;65.00503858788163;346.1030004890693;5.001769151293176;346.1035439145325;51.52866523311756;54.936976965881314;25.37579963847772;27.852668466315265;63.65003045499786;43.040963101291304;59.82263386254202;340.53526664763297;28.3336857907821;340.5358088220869;9.094006886088257;22.959929130074368;97.00461068026817;136.214756849995;3.8184772798127065;136.21453005261674;28.129286881479036;34.33752165532363;27.34237885781054;83.42270468874618;33.64521806869221;42.481586971076524;56.77381199499446;202.07713893439646;36.620395583748724;22.18644814753901;46.535188948084524;202.07822184562175;54.97986965905809;80.83150521257406;10.875737367462678;20.617378262254384;12.957895769627367;32.076165739027054;20.89732049475355;32.70085648863605
23;4.3826063899590775;54.89963493041494;62.79739376621205;54.899740652213346;29.369631333212563;54.899846354230476;2.0526753210230444;5.489995205739799;28.916614475354198;44.06033197138196;8.543231536894272;35.28748206589605;48.24078432538174;9.861135923130574;14.3186149814297;6.659263395617384;9.80836764576801;5.755731636829351;38.7521964229802;2.0556269076408897;24.061280708683753;10.88891025502113;41.00946766722643;27.221693818065994;5.444338764163663;635.5576013512663;24.98150316133369;578.141057769975;4.6316137560345565;28.71517200397118;36.837616247632255;57.81410761587834;32.03051696609722;25.39080845649203;15.969814170734415;551.5175813139618;67.71872846501036;28.211040148462647;7.505388833939984;33.19345202784758;62.54566566895993;544.2070256854635;5.117957566853719;544.2075690464072;52.52872953309557;86.38206124303046;24.508094164125456;28.61679427393194;70.09585879382327;42.78019911319681;59.72195837251191;537.7573930334894;29.297794478608242;537.7579343283705;7.892397267998318;26.887923751101667;95.71962930411915;215.10360611908328;5.20315341896473;215.10338742760604;29.476096492793296;67.06883352689094;27.540275670074692;90.0333151395719;33.412617494719434;42.28788812843506;43.48565289840965;357.8233502713743;36.10443589922401;25.073900834262762;54.56096129019308;357.8244291348005;49.20976840630688;143.1299872412162;11.514868058471512;20.428212686222704;13.376923922579046;56.79778481530451;41.92013549950706;31.451758748019582
24;4.4673568190057305;75.52783372259451;62.66063867306063;75.52794003064236;27.852212354146044;75.52804628811825;2.1644050737106784;7.552815251985572;29.32500348044527;43.2486246607176;8.976482055348207;33.619235364770624;69.15125294103987;9.873890119219569;13.387541232785718;6.376995948209083;9.00294568954347;6.489064280544497;40.3411086226303;2.05479670979808;23.862711033467964;11.192399631108248;54.33415182200035;27.980414604914717;5.596082921621784;622.1277853369362;25.410625759776174;568.8219968617251;4.859075416247781;31.447954559071462;38.18417916130169;56.882202181862915;34.630042931038275;26.131810781500942;17.516158966534135;541.3461879983976;65.64170247338852;29.315001135114937;7.609376793676005;34.82386310215475;60.595739346057066;529.2087891462345;5.362977327485118;529.209333041463;51.38998955836749;84.00138909025283;25.416430641865663;30.33037629036973;78.85857205682333;43.75936706255012;60.10678326895369;521.6470965890807;27.3357321014981;521.6476383094866;37.01651343562377;26.08240897266344;115.3169228740256;208.6594880560176;4.193818764616166;208.65927226259342;31.208199389129597;63.103036563343004;28.523037765806812;74.73109203574047;34.352859684563064;42.879549948021534;42.27996637537624;360.12307775442076;35.530243019748326;23.90000212733085;60.499183993955796;360.1241573332854;47.856788565923935;144.04987865959464;15.735980437206615;20.8567832932028;14.690302175338882;57.16282120225742;91.64872540637054;33.995422970329805
25;4.7455051174644245;80.99210260985853;59.797294468466276;80.99220865389393;28.591409580292108;80.99231462068582;2.272383826569566;8.099242058497731;31.975865243806762;44.44374622497952;8.21724058040075;34.030226659326914;69.41905669710155;8.827525556302469;14.549414499559566;11.57345992468517;8.805548179525719;7.722082873772418;33.66290832447959;2.0532485698529848;23.025742441699318;17.336706808113828;59.97352528816388;41.31938219880097;8.26387643992132;632.9768248200982;26.2301489013825;578.0112851872912;4.860791003906498;32.21824245410827;38.89006967207395;57.8011275065482;36.22341371841931;29.38492404116651;18.4005264466164;537.4957999045184;70.04891772411192;31.901926113100927;7.846892622084265;37.960138841462424;62.93416303728642;518.5254133689674;5.626279863661377;518.5259540912996;56.400601600333125;82.30561353587053;26.798720149054844;32.95268530139329;79.24392177744335;44.632747413718725;77.82266077084662;510.4594820507935;33.5328257653111;510.46002127121807;64.1670409969107;25.523028003030078;136.1844733190485;204.18443941916598;5.066237801798143;204.18420824749606;31.34237932858929;57.29591370566786;29.269714997856962;95.78493972890553;35.955181218120366;43.31275125954937;41.764708007824005;307.9431371924402;38.43500864782495;23.284952055920858;78.66019748459976;307.9442134590464;48.601925912391266;123.1779005092927;15.927166453198291;23.144996636780984;14.829036255902658;48.880289806380326;140.78166776338497;34.99507851831771
26;4.814690050111575;79.9737008457343;57.171980237998454;79.97380734610965;27.683706250934275;79.97391378089944;2.2543959464747;7.997402022862388;30.92540010908678;46.54028892108578;7.928879239404414;33.25415585809323;69.89107140154312;11.457961955747297;15.153826309019452;10.083045808807078;10.021029327727648;6.955729605550247;40.353881540409176;2.0528327546785303;23.400897325080592;23.17257027020673;62.60641846622779;39.35408861174167;7.870817722573409;478.0368724573053;27.61462997554867;421.85998530656923;6.068015236370926;33.62532307870498;37.86763130051455;42.18599642812153;36.701136055792354;28.44294892384221;18.258814170125945;383.11663611284524;73.09580817349031;33.7115021707649;7.720327199791245;41.00235585966285;79.7507765045583;367.88834305443726;5.565170579386076;367.8888847368282;57.29337499954191;58.394967300660895;28.182548604653917;32.95415413697918;80.93103967038469;43.193198693872844;75.67161068468933;360.95398648407115;32.82168668739044;360.95452716764606;64.99359986386841;25.67578536167561;140.3297239354078;144.38224303858803;3.603004631744427;144.38200995932772;30.083036384408103;35.74837467403875;28.832810373832856;96.40350609922147;37.34319506792825;47.33874464842243;50.12769170059839;195.19765973735608;38.86105432540556;23.290054935310664;84.38573340034985;195.1987400655669;49.50867591616749;78.07971199349659;16.563965271889312;22.980583449924335;15.926319423779281;30.984183949223798;120.52248532309773;35.54505313948882
27;5.177775174207327;80.82827050740184;64.02987925033023;80.82837695835762;30.822252496550522;80.82848337870819;2.248965449603374;8.082858980013187;32.477436131977974;53.44413283801468;4.955700657617947;32.95301644136283;71.80185561128636;11.020079494688623;14.621520454315895;9.026830944272927;8.815297935189108;8.235851373282678;39.47889912812916;2.0507704830638893;26.471658642655214;23.397814409109742;80.63864854989039;38.473575849906936;7.694715170181434;672.6459345868686;28.46950870110157;530.3000992846535;5.354533426389653;34.3527229393998;43.10472563854123;53.030019055916085;38.04613372690473;31.709851009878175;19.14998980680142;492.34008784314705;73.5472654794766;34.5120837704819;7.707407354561234;43.02793257697435;67.28871304611457;449.3860672410258;6.588267284534351;449.38660971559443;61.50674977598706;71.33111589697138;28.69271627667097;38.082021128243156;83.25778775665444;44.678411492153735;87.77029878912684;442.92821005802745;33.540200982692014;442.9287503965327;74.63126661299732;33.01948332886862;129.2519133330959;177.17193185025184;3.828887034343266;177.17172543226607;35.80840017261563;45.9935250839942;33.25578857623169;76.78118596880358;43.03847820283817;54.139273573690204;79.13107330472668;274.0750881573224;42.89664483750641;23.497681493854728;91.03543595221426;274.07616607616836;54.05795594185988;109.63068181164711;16.751497575292575;25.22430745438105;16.27437470335423;43.50440956057956;105.64741069714658;37.002979294719765
28;5.450614514238729;83.14062512517174;68.56965327472784;83.14073082264663;31.9560193170462;83.1408364772287;2.247574840145365;8.314094209416831;36.02161311574783;61.80250781174571;4.533122738512741;32.3049077314986;75.71934412273893;9.754068061678051;15.12800736945337;7.421694413651328;9.021995792030511;7.535806083176784;33.631094506109804;2.0492663694466753;31.472307751775762;23.532018609087658;139.86274733317262;30.77796991857098;6.155593983954576;642.7729225646983;26.46348267317158;525.81373995084;4.956595505950979;35.41002078516798;47.58872100994298;52.58138430386842;40.44101471340949;32.29103658107938;19.41477417980449;495.6280025859815;79.3728317273068;35.04730945356311;7.8181219031575395;43.29852374222471;84.20107827744377;466.78740872702195;7.14490056092517;466.78795094259186;62.14225998399681;74.09323421928481;30.79371497341188;38.162655084978255;77.78285829560943;45.13239543786128;76.49172357786568;460.3200312298436;37.74605963482623;460.3205712056002;70.27111490575578;35.567022312496235;128.08930365001305;184.128659865516;3.4773691917848093;184.1284660207976;39.303933803924885;48.915386384689235;33.23159306187687;95.81232032208673;44.47514142082965;52.881542942035196;74.79459376358848;290.7132040983143;45.234035720482154;28.515698943671463;102.15467737343164;290.71428089430583;66.79166714832186;116.28592747367277;17.585262742085973;26.41559180581645;15.206216627058424;46.14537983673604;109.85468372813243;38.870590114897695
29;5.554875534378315;85.19799890126384;72.71344465771776;85.19810441679743;34.501009053775924;85.1982098897535;2.2469624416046305;8.519831531068684;35.84098880915343;62.4688670711659;4.264674414159835;34.1317543868439;77.40526157717164;8.511056409323984;14.361146323812052;7.793149812615824;9.22584442617896;8.122062497669896;48.471280296330086;2.0486071058772355;32.3927393548655;23.590206768968336;138.5722073476722;32.49472963317769;6.498945926785607;821.569246762722;43.6474170611457;603.334508044343;5.6057909371400125;37.731139987206134;45.82798227168481;60.33346438921179;40.03098486951664;32.53359222225014;19.92169294944765;571.4846013121427;84.93792400897703;34.77912184629966;7.394379648923839;43.251661931298074;83.72115155395582;559.6547204848026;7.048064128447116;559.6552617368529;63.92917910790521;88.8340780734591;31.371290722180618;38.2019780754735;78.68927899884268;44.300401952325146;107.64480460952062;552.0500271164243;40.83456253804551;552.0505657789445;75.05356498189077;34.681385102513964;142.00943648274625;220.82065656114102;4.1795012950771175;220.8204683339344;38.82518617118723;63.36123782886831;35.10778154437064;104.1025201503017;44.481959709939936;54.379420391940535;110.80439805962004;378.1634946554804;44.80358616196701;29.377140871020003;74.55152115501579;378.1645674090943;62.3520819127117;151.26604124682314;17.366133742281626;27.99015630243053;14.848346683667494;60.026376682855854;110.47566256186376;38.885399510922966
30;5.684081256609632;89.87947757465693;76.00768580117537;89.87958263749587;36.737989026416976;89.87968765952084;2.246288904062842;8.987979263830894;36.96339839213391;61.18878320601851;4.12783963524764;34.50583360018661;78.8933102791933;11.044215935487609;15.016566767067724;10.986578070727624;10.041568912044093;8.871752288306151;54.80736814317109;2.047949888017999;32.86296128499659;22.96421095167381;118.67506428024393;47.67096903578163;9.534193807392784;807.963716578036;27.646221375900033;676.0833026598315;5.420314402462926;39.660595846326025;45.77364511578157;67.60835133437017;42.87315876556633;33.69250575156768;19.91442299933152;629.5049740126974;87.47317208995237;35.47089838057509;7.133836326602559;44.43991433081484;81.74620237062457;617.6619132160139;6.7690236547271505;617.6624536236452;66.21791217249567;98.04156884816331;31.733611725493134;39.02869432855894;83.9351195589162;45.30571483819804;113.09600120355019;609.7974307240054;40.9878419898838;609.7979682918822;70.70022319009807;35.38665792781942;142.61618563673943;243.91961666435313;6.160406378396368;243.91942273410493;37.82050905381526;71.57183759197174;35.610714790492146;115.64824466331906;45.066533776589324;53.6908933002649;72.15854538895455;394.2631460853045;46.01634756019896;29.23944365676856;67.96718061591852;394.2642169574653;61.969336909546854;157.7059006852272;19.36912846306143;29.44046802965452;15.759437025957382;62.58187613841481;122.44182950740704;40.97837451730372
31;5.77965586557719;114.23836242301304;73.40776338101077;114.2384664887613;41.34845845112494;114.23857050027442;2.2560320691963476;11.423867444073556;40.76553910707711;58.64267690612057;3.8929437055454192;32.26810089447073;79.91932260858003;9.652118234452272;14.468440169745572;34.31944534171539;9.232922747956875;9.070001953941215;56.068859165684636;5.492443704286682;33.555424426068676;65.90953190346671;117.20079191061407;164.77325807644496;32.95465161547271;903.1003451656762;40.755927382391796;816.1240292356716;4.353987410887859;39.97021835251109;48.568649848962785;81.61244956631477;45.713510568733525;34.55011675276035;20.23198469988192;656.5926689078956;84.7943937515076;35.66532079478662;6.245363719811859;46.422070469453104;73.462463250086;641.4792330680583;6.866767831110265;641.4797716804745;66.3937322139641;101.82209471049603;33.195429945058244;40.54845514223138;115.90474468799812;44.79064284021722;117.12463298704807;634.6014564621987;40.2727001867593;634.6019926148368;68.86744682700994;39.23986650614772;147.79762116090592;253.84122535467762;5.566994215906786;253.84102362214213;40.11382266901734;74.66804575979816;37.064853526113644;97.20993019843775;45.191341931805404;55.18773720272145;56.43941145772317;416.18337620354373;45.15601138113473;29.115025944057006;79.99759127609126;416.18444485287176;62.62028270141345;166.47399141373535;20.651230386923043;30.795605948569428;15.912271391666982;66.0612768837962;119.07394505357196;40.67939431759307
32;6.092488720906273;91.17083925383082;74.71781022382129;91.17094360557057;41.595995468240176;91.17104792657062;2.4221277065410005;9.11711522015012;41.68696203323511;66.00466591516386;3.9472408282348477;30.038804337667308;80.62805864232682;10.923234384648401;23.850631141806897;10.543188472543932;11.072080080278646;8.39004280347175;44.72253805092152;2.0453017353063343;40.31573677567871;23.69907139332892;113.77559377242179;45.407945435651094;9.081589087306137;931.3109926778262;42.8938740967031;716.8435432126392;3.97132830353934;43.622300715574376;53.66716875437303;71.68436576927665;46.39303417600552;37.141595471380015;21.29239950519936;672.6499014772439;91.38473826692048;37.771134601787395;5.857099395275229;46.099352100765444;88.0070314540681;658.0305930164649;7.9860074932059115;658.0311311919661;70.09024334184821;104.44929460619991;35.11778443005905;41.05123264054091;106.08890773626717;44.82563100585778;122.08612993521537;651.5259069222674;39.75799660893085;651.5264428316848;69.57296556269253;39.60775605686768;171.13032474369345;260.6110052809371;4.2075757388170265;260.61080829783225;46.18683621696265;77.06131425367374;37.4630944578591;121.7146836523843;46.95318598640223;60.5310918187669;97.42608602057545;457.231439221746;44.78707943858499;34.101580570303604;82.37646268070517;457.23250689200705;61.12504237581029;182.89321601803513;16.68413799713062;30.83138521063488;18.42569664865917;72.57684203397751;108.99815577594498;44.52832698415901
33;6.366672159036015;86.324225248198;75.25182874171988;86.32432946786895;44.196688332791815;86.32443366489848;2.4006517416980393;8.63245378538466;42.080877895732534;69.04760621179766;4.074741009478725;30.868107428276936;71.29436798740765;11.59683431714402;31.983914631342785;15.030264768242448;14.368521241798957;8.672635776018678;43.908927562350385;2.2653832835758494;41.42988858953655;27.184807680899915;116.87832978934154;67.961445870057;13.592289174280936;1174.636711125564;59.28360972749319;878.2207197545107;7.198927968608813;43.62781262177093;54.614641204546174;87.82208905256029;51.42717721623986;40.37295225663269;22.539161243827703;812.0187162911104;96.794998283069;41.66141654041511;3.879199461906598;46.44939184320485;101.15614151762986;799.9895668310186;8.48300090772474;799.9901037101042;72.57881742979436;126.98246515775563;37.44737501192609;41.39250092539841;103.03991161074777;43.66474395020156;126.35157806527044;793.4616839530631;42.317440399217595;793.4622177665303;74.95444824781764;39.67313754326447;194.65459287807658;317.38531336273644;5.679346514640782;317.385115213366;48.521932202140015;98.9815973040737;39.90833180363275;128.62996091345852;50.07748315352681;63.49548622841235;129.11323643695692;558.7020372814287;48.55507305641961;34.82113074919763;76.98196379594596;558.7030992929388;61.345867911932814;223.4814518528625;17.483007804876472;31.721074483155203;19.49589743140841;88.68328383784456;124.38520920929489;48.082451746527774
34;6.527096000039746;103.45384665784788;66.2029154482531;103.45395039298172;45.801446272826304;103.45405409392079;2.095781575799971;10.345415775096198;40.02595063194965;65.91561796152327;4.556146433782776;31.28275787335336;82.43188055824052;11.180675674806597;29.45533043193137;21.022371465187042;13.343017746176175;9.210861276461992;70.06299598482974;3.280085524265409;43.13886709406056;39.36123331277833;111.74566369385342;137.42727914926726;19.680502490726077;1123.1638147267915;58.366583654243655;831.3332409253585;6.960968778572707;46.38414338958076;54.26305361404905;83.13336457864786;51.30274856862365;40.67506864810053;22.353278611991335;735.9378260797182;102.85847859982428;43.178817174545536;3.8343078315099683;47.56556763810631;99.67014193028547;715.1384985093831;8.330403877243485;715.1390361319944;75.49487305926147;113.5140432869299;36.43675968577734;43.70850432274698;105.41795983130082;44.088090695839114;129.82170877625595;707.7355836648325;46.51150184021574;707.7361186699048;75.24509759543545;43.946435816055654;164.97054244901494;283.09487473389095;4.985841391887583;283.09470686188223;49.98626634022375;85.62791881159848;44.55237475026077;132.94514950526926;49.98547307394398;60.812838493454876;116.68548468092116;483.86478495460955;51.95470732753977;34.053689121081945;78.86047872058228;483.86584970352845;63.00368355226003;193.54655250083363;16.959924424959503;32.02106951341056;19.579601666657904;76.80435597592819;120.15192273464655;49.21606498873533
35;6.4125704250425;108.30726840188349;59.02357405031714;108.30737197715634;49.011577772513945;108.30747551126412;2.0826468502958595;10.830757900976065;41.225258148486525;63.82648210105718;3.768461007236682;29.56579060794452;81.91764115843996;10.349344658180781;20.872573079235778;26.390032111840444;16.437698259070995;8.698232591385494;76.11759210930205;4.17863431071731;43.422816006660206;50.14381832016592;77.6224617254605;152.6663825387911;25.07179516157652;1132.3348902407831;50.03731682356543;882.1519324438137;8.58755249556178;49.88682746146873;48.71909717785126;88.21531562959974;48.810651161765975;38.686877909285435;23.424316632551605;760.8284505229386;101.74249307166036;42.304862592040095;3.8035362934365753;44.16949259598956;101.17896407694451;737.0239581947212;7.677328597412643;737.0244987309482;75.79161836894484;116.98793145429956;35.10473520256283;41.608841849804016;101.77709928535239;47.40997534441856;129.18334341806883;728.869582711025;44.54230690469483;728.8701198974702;87.13281640598574;44.87269117830851;160.55855567392632;291.548476724805;5.393890502648468;291.54837824280617;44.29356711963455;89.03365296578937;44.66128815518814;140.26975297400523;49.55423097409859;59.58115063961251;89.84715458961406;503.0773190588737;50.06343423756962;32.14522885308717;72.18424874322929;503.0783835005324;60.44714043459992;201.2315662070026;15.6460830167476;32.76003115598004;20.743745790555792;79.85396474070991;89.0051695442759;48.60515913645344
36;6.402736099057391;119.62988495855713;49.684767631377234;119.62998859567142;48.72467948770334;119.63009218750977;2.082601954627971;11.963019574103416;41.801547423828794;65.3084974665946;3.8129779513937265;29.825813653757887;77.66700416200563;10.931904135171903;22.183572374334997;41.96328557131805;17.059066446063888;9.057323916940641;78.4171374233316;3.917852783183889;43.97505595018211;47.01444012918889;67.73185834168473;153.78674231797146;23.507106030190066;1079.7972161562536;50.59588098408011;826.8213266758272;9.303363927998896;50.29304156414109;48.80385854336204;82.6822449378647;48.61033941569113;37.671571425435054;25.233234646212914;713.0721012285833;100.338792837487;42.14845717263667;3.7587888386195387;44.054547458968706;102.42478803103661;693.2907526515552;7.673759453805908;693.2912938207321;76.47123419347096;110.04615212654332;36.01616662846633;44.05800742989012;99.67053864295512;44.87893648238746;132.36454033622084;686.1467839181194;39.48204980534822;686.1473219066894;133.71035105448863;48.31633707348592;165.72498668153872;274.4593582667875;13.993807605293435;274.45928698672566;45.036699044087996;80.88908353195988;46.85041731469944;119.05268881954065;48.16157427872819;59.997014717322564;88.96947188714431;493.8769792390656;47.75882244629276;27.658586570136013;82.79568423962898;493.87804525311026;62.94202328262655;197.55143122751463;14.8059448411758;32.68094207576496;21.446426858485843;78.39359396067563;55.679812127861986;48.714576257799415
37;6.680550909609797;128.29738819063465;53.23346364347903;128.29749120517386;49.70813253727296;128.29759416083405;2.078494046643956;12.829769708474926;45.80005544304908;70.20538008958567;3.7151221937387993;32.41045973233981;78.67593543649323;12.405491996350516;26.440517826584703;49.621854828159215;17.89832029356326;9.13900776703484;60.34390364819034;4.1773333771920855;46.29171011985391;50.12820598713705;65.69745384405671;125.31994947978302;25.063989896145095;1060.9254670014443;47.21156489155617;892.9321287660366;9.031540060057141;47.72301976100873;51.39303158276749;89.29334456513016;52.81202072782914;38.835751358883705;25.00976444937992;772.376252989781;111.10440500988538;44.116654525339136;3.728245484800001;49.18427123632011;99.70223687878696;757.8313577702181;7.716746674668555;757.8318990357214;78.9721750204816;120.2906921544724;37.00648630829716;42.761264486033;106.81384510900543;45.01276393130405;125.88018778042178;751.3031778116615;42.42158087558677;751.3037153356125;111.14379474260498;46.88324296928052;180.99521114589592;300.5219150433791;30.49279657658266;300.52183161706176;50.835105302976146;92.33871462935626;48.3968445495803;146.07148407441565;48.401764007365614;63.831242437873904;60.867018622192546;567.9958209014341;49.37734861919203;28.75522464909356;87.34226639320686;567.9968869072735;82.77850671531685;227.19896759977675;15.01590496952921;32.38765343913573;21.781301599265404;90.15848897480477;54.25749865102068;52.647586959235184
38;6.636551451186323;133.5559580927606;42.649528266628884;133.55606117708948;49.7450796101453;133.5561641930026;2.5291505614703347;13.355626716476637;49.04230788239025;67.22924527004838;3.6884257711747073;34.150982472968636;84.35947060304886;12.299250878325063;27.058635527126988;49.19689027768148;16.85813783654984;8.502064391838676;78.08508257384666;4.174404152026281;45.990012334051336;50.09305542727388;65.96568198266823;125.23207267038057;25.046414534318906;1263.967085050193;47.03585028483532;1063.8504216836611;8.608021408066296;45.815815070107895;53.90868469264797;106.38519977534477;52.486067611378076;39.60769802181315;25.5764244758253;943.1765415351787;112.45113578758304;43.45742356847757;3.669745459431168;47.45289019885772;92.01198324927218;905.7440699590048;8.240063392489034;905.744610667114;77.64818316142255;143.7689018687349;35.7946376692894;40.55477601591656;110.86442047979087;44.842669940982404;126.00146289485379;899.1998138003989;42.05007605784206;899.2003500120736;89.3642744494469;44.960044258060385;180.96323252826298;359.68056777236654;24.606870347758235;359.6805162456527;50.070950698629446;115.87326999374478;45.22245653604903;143.1150226596736;50.85141647466212;63.885221434039174;70.91775440975006;715.5761778472977;49.90267999490969;29.927263788299395;95.99225489598811;715.577239240617;55.15344028917137;286.23110757239766;15.438343483020061;29.701791724948336;20.80497895620211;113.58394054768961;48.88922730284467;54.310244552008754
39;6.534861932577016;122.87995363092845;34.82427710811566;122.88005767245326;47.05778061912291;122.88016164340354;2.8397714919121646;12.288026560908657;47.82330017462592;66.45271497250239;6.735433587438097;24.14726518464604;74.60224081934997;12.069558249124961;33.49433406042077;48.27811856932217;17.06429693414469;8.615939962523768;75.91780139080807;4.159485372492561;43.55695499658579;49.91403188078038;74.48253284686976;124.78450796631151;24.956901593488887;1184.8994294188972;43.10105833509212;1046.4464552936383;8.965001645949565;46.635963434247635;56.518424593763974;104.64480681554302;51.14808520331767;38.48442040475261;25.1707216346604;925.166906457309;108.20699939096536;43.17028054280221;3.6535360297054016;47.50280168969732;91.30233523404569;897.4446881078134;7.449087866671291;897.4452282675708;77.89622893743599;142.45154011634546;35.24327003452743;41.84342099100699;112.8669599179933;40.79538729819619;125.87293389410539;889.9040207884271;44.32083629361266;889.9045571108353;92.56247549359756;44.49525462095648;178.18634262280077;355.9622506816399;23.927402704579617;355.96217696291006;51.182684938097324;114.26142451881105;46.54796118704174;141.01309704489736;53.3006030816629;58.97101597638594;50.66434818316563;705.0665503855238;48.77553505832222;30.176198648244146;96.09992736889001;705.0676103176331;45.62209233606399;282.02725596647855;17.566954493527298;31.800961602899836;20.878731079204847;111.915745599133;48.0304137563955;55.28153065701178
40;6.1314672779560295;127.95325689316161;21.50251099205621;127.95336065264296;47.027432923386705;127.95346432132548;3.113482550655081;12.79535679493328;45.196707672429994;56.51812880174537;6.524020827005385;32.127675817830614;73.78019595477156;13.543394818450185;34.174998960570086;54.17346525204082;17.04465184631463;6.379435122137986;57.41909193503797;4.144615814925891;39.186214448960556;49.73559643703238;61.20780767766026;124.33842152199834;24.867684304617118;1162.9400329161738;45.794006738823306;933.9735391184984;6.66884330527701;43.70864584372153;56.22811886221133;93.39747085998503;47.71167570412944;36.298493195092796;22.047300904529063;813.7245365616466;100.8439589687466;41.331366427471785;3.6465572755736537;45.2323103060635;94.29908685333008;788.9271566668543;7.075505935798095;788.9276970463976;72.28549081689802;125.2265407888076;34.96150589426975;38.4824070888158;95.50886223482148;24.47977231345138;107.3747152612199;771.1133656509062;46.475127984004224;771.1139022794644;80.23877145201851;38.55572189622911;168.4748014840445;308.44598923092957;22.88717914652033;308.44586979088035;49.16609524968307;95.88715570250932;43.12736714846297;122.11149667161412;49.20915550630933;55.16117047724869;108.4203662065508;589.3550885425609;48.20800278937759;29.18162000137478;85.41010255230277;589.3561526911582;39.63543248084268;235.74267373928498;17.771422970223753;31.12660774269489;18.15413900811772;93.54884856087217;40.21004626280001;51.86199455798417
41;5.932452632863842;129.86883847987986;18.115184175655912;129.8689425539287;44.836248149702506;129.86904655943914;2.8904912750379492;12.98691505131711;43.066234908404574;55.26547424515114;6.5608560482146405;32.81180147586939;71.21076969452133;14.664647300553563;30.301799252178853;58.65847490657511;18.068628063834566;5.926505536578204;52.6756246814108;3.932612067261826;40.64490386434639;47.191552382517514;46.175425771274185;117.97830960144633;23.595661920511606;1119.2555947620408;53.81608913197164;850.1783796411441;6.380439589509998;40.410651496291045;56.76752364268488;85.01792561054052;46.65160864777554;35.15872204139185;21.06743366173719;735.8256439935504;92.1191446393808;40.44152789783203;3.646268934706941;44.417852204471004;103.4262450090709;707.6844865171257;6.9197677070737;707.6850275508657;68.8659829293893;112.33087901394163;38.41937569574181;37.16854563329576;87.73954189670548;21.742469502350424;93.95960475538078;684.8883277605594;39.82754953406445;684.8888655965139;82.20103364629611;34.24447012674865;146.00330549662667;273.9559755613149;23.574871776889253;273.9558364577955;49.043150820810936;82.97504342859115;41.973808409605894;101.6079419070605;51.27845652612599;64.0929674954976;122.59557932753005;508.0407806754705;45.58560261520963;25.608780654070255;95.41165558677848;508.041849573971;34.61778260832508;203.21695330233646;10.617559641149422;29.661608817404648;18.241131564494683;80.6418172098846;74.83033741021492;50.228174532890456
42;5.519318434056291;112.03317961932429;18.214501537017583;112.0332842045827;42.81400903241099;112.03338872260791;2.6998456880265937;11.203349320772585;39.46091341664728;54.08842633833859;6.586502646744788;32.586394726649836;68.29067438006581;10.935757135625321;23.80643446249176;43.74291358770548;16.601422364686066;6.160389526535736;49.16585129828217;3.983676392235185;35.62734288283534;47.8043254317977;47.83065990661886;119.51023906535352;23.90204781327063;986.4156057020707;42.12384599948617;792.6694353091102;6.344110467005401;36.631573737268866;51.603424359159746;79.2670613838374;44.525193314735354;32.83805132987596;18.987993613787307;676.4373174750558;83.17684118537804;34.41209153930153;3.6693425302992555;40.991391898168736;92.07212760647823;641.3718847626103;6.851131431360351;641.3724284649687;61.997329750413435;101.80507603768166;35.020265626281535;33.976259546235234;86.98182217545799;19.615382421206284;78.19104659361528;617.8850873233781;36.231025298645015;617.8856277014618;84.56090657262416;30.894308358279016;139.17898774470729;247.15468238736676;16.314250249957105;247.15458711637743;45.81606946072909;71.28630692277991;40.55625362605156;89.40046930157034;46.14541295715164;59.83158003411425;116.694810191306;431.81842888306664;43.415906805971574;23.546266256352;94.85112779896903;431.8195025357754;39.89607054352295;172.72801538747612;12.905624565456627;30.349765460065527;17.898366172998205;68.54303302633518;65.71147515825707;46.298577771236424
43;5.293407394067941;113.0505357658073;19.227029512240563;113.05064057254167;42.41660826576298;113.05074532268844;2.7243150123472955;11.305085005470987;37.60792040546363;52.566984366321954;6.417716002545534;33.778365742953625;68.21835842382669;11.208175519883847;31.5226805796024;44.832586805573534;15.15044891171832;6.156115043564034;51.102159697915106;4.071487631889169;32.50002831344583;48.85806075861736;43.521279094279805;122.14457576845047;24.42891515386092;1068.8444707878907;42.014104320292695;858.7768072876697;6.482952588992517;36.71770004799575;47.87341158336132;85.87776889758109;44.03312704743657;33.69090391382549;18.096679553725043;739.7067712871914;81.26614173680075;32.9343758137126;3.7441319157357573;39.06166352782719;77.46803008961692;688.285684523759;6.332322084815069;688.2862264406955;60.55863860532348;109.25170380370177;32.58484202895339;32.396826720541476;89.89267696258489;21.163853697713236;49.85156046117589;666.6619309979948;37.59656331563367;666.6624698120618;79.75323499052556;33.33315038819768;128.5260394861285;266.6654180638502;18.342237975633644;266.6652881651635;44.25195203155619;78.53661215900283;37.54419208487039;96.26539417665619;40.31261737225931;54.76961706503006;113.27853480626548;467.93729328548324;40.40673107265798;23.016512140018207;92.68746604729901;467.9383635965654;44.119420295242556;187.17555916546792;13.562265753548926;27.298934381638617;17.80139091416515;74.2761848452807;55.28809698065438;41.83608811178504
44;4.931881192387336;113.93731672925789;19.736620605298157;113.93742194619169;39.6505623462496;113.93752710735443;2.230010622962579;11.393763225157114;35.04124765171088;48.678856384443876;6.531669004832044;34.34885660342148;68.71811933626788;11.304931030519755;28.252113425590046;45.21960840361788;12.263318189939913;5.950318688745759;43.09017546240696;4.102474875821153;28.980075571443958;49.229908526296136;53.1515467726153;123.07419298813267;24.614838597875405;976.7615831135844;34.28203339953918;855.2070731858793;5.4762275326786085;35.10570026050406;45.02116268938605;85.52076519749033;38.60996262655943;29.948857307815707;16.478096997830054;734.9422203419172;75.62194537742091;31.03405024557296;3.6228974864409644;37.12289770764597;56.09123797509616;725.7209943954391;6.659125435895628;725.7215358970474;56.65083036414712;115.19381180894098;30.730454885319087;31.739278683217936;90.13001110581558;22.325186636436836;49.25867216989043;703.2439178652;35.592427033874685;703.2444560285095;78.46467021161978;35.16224966781052;119.88832801483717;281.29821203197946;10.05536696899106;281.29803228395275;40.57579741840095;86.52386965122395;32.57693584363051;103.67764417471135;37.4648849010736;51.73094071479413;55.769234293791236;518.3892915903248;36.886477332241355;22.28811596903599;100.73954646669918;518.3903597766431;28.00996650928807;207.356357261245;13.981024805083;27.257152603690177;16.044971741552374;82.28443777113984;50.69864546951176;39.01695134393648
45;4.5553690579865735;107.73395245533473;29.39805009753737;107.73405827976579;35.91444908399552;107.73416404781398;2.154695815035964;10.77342698080484;33.65627601727486;47.078022766018364;6.557342559754237;32.01255616553122;63.56290777816196;11.042893580800644;17.470143904559;44.1714580314119;10.825728950749438;5.568068577727598;32.658119453919156;4.059833325537551;27.86705330334007;48.718211089711176;88.14387595682473;147.72207682887148;24.358989293761713;839.2315013961432;31.2442390748396;771.1326716167922;7.635038859572586;34.781999330389795;43.233780460125;77.11328957205178;34.15051630437311;27.597571861141567;14.440125118177855;651.7249329377216;68.38822308990825;29.994498507696036;3.5720063428592526;34.923763258390814;54.35525667049649;637.921029623326;6.214717792205004;637.9215712203091;50.34306176828637;101.25730279056513;28.285133700067316;31.399552409960307;75.61599757272126;19.579107549885315;44.56807593952659;616.7424272903768;31.88529382995827;616.7429662274644;76.88327147557428;30.837175220905998;105.51892432788156;246.69761683427856;4.073983380151942;246.69739998248738;37.84330768818171;73.77854123140646;32.06054851302239;87.60910864039802;32.07500748620435;45.34997591665102;28.8052042365228;438.0466162801979;33.264483689903116;20.005716549627767;98.43356893034412;438.04768761792457;25.17355791117438;175.21928906865872;18.060045503135836;27.6315798304481;14.342601704440453;69.53163345741973;43.262610223019166;36.20963083518828
46;4.081011579284593;105.84365550884907;30.97760696700301;105.84376157762662;31.50009359641386;105.84386759213675;2.1336554743041973;10.58439735795461;28.9926416492064;39.6133718809847;6.612047467834288;32.653700114877175;63.76070334714318;10.704670963869027;11.922911589270688;42.08336600822828;11.017268930636478;5.176461665752064;21.44386512477481;3.8913391279309484;25.225270859841885;46.69628114330873;67.44264169241474;116.74012038553032;23.34802407950934;760.6726648849684;29.607042992802274;633.7801460520157;6.123320194838177;33.40480844375142;39.33584352618376;63.37803990134333;29.131064472514552;23.377934739616045;14.246066728308083;519.3675460549691;64.22265336490524;28.989877911355798;3.4333486091151744;31.100620767765104;37.023155509752065;505.9715568660901;5.290354224561444;505.9720998417775;44.96294126162029;80.31294224010107;25.42541015148099;27.687575507310928;64.71810987026132;15.39616497206426;41.27063374286063;484.9797376072737;28.796907823078772;484.9802781031373;86.16907640895953;24.249040895989285;95.53825571412263;193.9925428997882;4.6315659662911655;193.99232424555063;33.472930885305914;52.75574456412082;29.48807307671768;66.29306388885786;30.074804052559223;40.041975133152015;47.35875779043832;305.5809678329194;29.884624509655566;17.03739886628214;89.41675233184348;305.582043395668;28.868354040134463;122.23303226621162;15.615203698718311;24.02674622560228;14.943287679081166;48.50534185668931;44.59658636496041;29.911132374412237
47;3.6063830263218537;100.75341138402946;27.59826933757264;100.75351772599358;27.894480105411727;100.75362401090393;2.136660325194958;10.075373025873919;24.767890152269604;37.66398322588654;6.4998165746790235;32.76879583605983;58.64975423815579;10.526047167061844;13.00111428539657;42.10407182080304;11.005105390292858;4.674540961822292;18.75438732622724;4.087707839728272;21.114822892129958;49.052706219374556;48.007378436400856;122.63118160712251;24.52623632315245;727.0079457708508;30.12185797666981;576.4002066421776;6.9997802255767185;29.4177794645117;36.33732899003748;57.6400474341628;24.2085333007892;20.72399185928547;13.39662198517933;456.171133096386;63.22839888896053;24.35785281896813;3.2012492013655898;26.587083990700016;36.091998329690014;442.5581099401917;5.043838861246256;442.558654189748;41.99640305456522;70.24731487121456;19.76709744226765;22.840382726312775;46.32287284282598;13.545988140187074;37.06834199771754;426.6991687137518;25.700425436552038;426.6997105513571;89.15456772070723;21.578340080160206;68.58293928239426;170.68031699026645;3.7764380483273614;170.68009851841708;27.096602633471882;44.44048561534649;25.500958257922633;60.09140123152959;29.78525516149823;34.60493395601002;53.867579525524846;252.15247569616614;25.540052314399077;15.458162854156358;75.21385906577274;252.15355462773275;28.3929203256123;100.8616374400991;11.40986888247195;20.863490332183297;13.613400017460744;40.024630196888836;42.460504948018645;26.299383969881507
