time_step;hpk11;mv_f0_lv_oakgrove_oxenford;mv_f0_lv_chatswood_fleet;mv_f0_lv_greenview_snowdonia;mv_f0_lv_kershaw_ormond;mv_f0_lv_malabar_byron;mv_f0_lv_chisholm_kershaw;mv_f0_lv_p12_school_ormond;mv_f0_lv_ormond_school;mv_f0_lv_baringa_park_caspian;mv_f0_lv_tuileries_provence;mv_f0_lv_hallam_edeys;mv_f0_lv_ormond_strathaird;mv_f0_lv_sherwood_fleet;mv_f0_lv_golden_cherrywood;mv_f0_lv_edeys_pioneer;mv_f0_lv_community_harrington;mv_f0_lv_springfld_katherine;mv_f0_lv_meredith_harvey;mv_f0_lv_springfield_janet;mv_f0_lv_springfield_huntngtn;mv_f0_lv_raleigh_lowden;mv_f0_lv_leopold_wendy;mv_f0_lv_norwegian_glasscocks;mv_f0_lv_von_nida_dulwich;mv_f0_lv_hallam_rd_retirement;mv_f0_lv_timms_strathaird;mv_f0_lv_coral_claud;mv_f0_lv_michelle_simon;mv_f0_lv_leopold_hazel;mv_f0_lv_nimbus_amber;mv_f0_lv_geraldine_pauline;mv_f0_lv_the_parkway_karkalla;mv_f0_lv_lesley_carmen;mv_f0_lv_viewside_neesan;mv_f0_lv_sallys_run_ormond;mv_f0_lv_lesley_amy;mv_f0_lv_toomah_strathard;mv_f0_lv_jessica_geraldine;mv_f0_lv_edeys_mollisons;mv_f0_lv_ormond_tangerine;mv_f0_lv_highmount_ormond;mv_f0_lv_parkway_redwood;mv_f0_lv_tangerine_norwegian;mv_f0_lv_hadley_chesterfield
0;5.1275880377297645;26.751209339365168;54.55188426494527;27.9702264225115;55.25387152762562;35.60096655939264;49.4487844791577;19.79602253540178;13.448694360550856;27.027494389585332;40.15783752691118;44.81139741262644;36.76321743451448;29.081017731004987;45.77981626461112;41.44715472468178;39.34280151427342;45.34683510124342;42.953116729890105;32.51265341612965;13.228529943881354;29.727924082446204;20.187694588885954;51.06841386181533;42.61289075784228;19.526539260082767;37.967497433607356;43.95345529869419;34.26530885205706;37.68362735489288;28.645449200328503;24.46843968479431;32.78859227610783;31.994397927894074;19.820038199430638;16.54652864146223;16.864801747130663;34.07855331378116;36.79543334110898;42.32786000877445;31.7507114358214;38.94125817690624;38.82784592939263;42.67933283729079;31.13331246999156
1;4.78813317891682;24.791496491154412;48.68171196272995;24.710459501219106;55.695061003588805;35.08773252199332;44.60954695325156;18.82251134276101;12.577475577491226;26.910219012877732;38.312435495060356;40.56184528511365;34.05230499548346;26.211669500865288;42.49790044615825;33.00034267863853;36.81191998960527;43.74028892017004;43.03782493393709;32.15892929839726;11.849737838249627;26.1030508579709;18.852385698100658;46.69769144297353;39.72352065806071;14.860014899791127;36.17212900047495;44.03630127170895;32.4295943032832;34.73637525528993;28.019996475315367;23.71192949427063;34.903438408867856;28.35384772293069;19.21950637834751;15.589996278912944;15.927375439036759;31.59702758632777;35.37247379984896;39.81675993574893;29.364571407334537;34.715818014023476;36.959893760794884;41.72332355611887;28.971054658574918
2;4.394516530932825;22.45920307214343;42.39011262372862;22.847428728219548;49.24165570519631;31.937698869657932;40.759786980495136;18.787005657408294;11.588612985726519;25.22163714400102;36.58664839335776;35.5682029386033;32.16901537032789;23.88897349580113;39.4089026833655;30.51616034817587;35.30615698836229;38.58885664722661;39.245432256228305;28.87257604429148;10.95520375216533;24.266672619935598;16.178705811116433;43.004787176418056;35.10490020582526;15.433541856075692;31.145968690441645;40.690910159357365;29.05074948305046;32.3192625875307;26.2736031159159;21.82511841990113;31.92536375219471;25.227278506290585;15.68665607837733;14.553156157589294;12.858871293555097;29.234927345353224;35.760670492777194;35.70786150242805;25.25348745549972;32.55506066673076;34.46727996568627;39.12601364651006;28.53876404910275
3;4.117226719752128;19.199774634282022;39.139993136652585;21.550608550768146;44.89544279359494;30.028969077248014;36.904847177116594;18.773681060975555;11.121209850835365;24.661424161625668;36.935104341311245;36.319642755843304;29.06785848106061;21.181469245335048;37.69629211019267;30.14367065599326;31.384400767067223;34.69596615448098;36.981621617207864;26.735633070513533;10.09087278445075;21.762011359954194;15.414713425853902;42.1336875287013;33.35635367885093;14.610865836348651;29.079940952920207;41.01206555025782;29.05968847264317;33.47120085998632;24.518701536232747;20.609319726584705;28.96360006202118;23.387722387301917;15.683894553711559;14.025030882615376;11.415118676122574;26.39130194476244;34.48867749613074;35.95114134440007;22.839219872397084;29.852248223027207;30.74223662377713;34.82546204525657;27.67838700753354
4;3.986349037433443;19.048533999783803;38.794790084593984;20.822997545441112;43.95158680051325;29.12090588679237;36.07758465599839;18.818711580912932;10.736207572130658;22.810741464726974;35.47081464249543;39.29661612288048;27.136520435327675;20.012647459382094;37.31634008854169;29.38651136837043;29.150835503908183;33.514647024624374;35.046335726344225;25.976379975030355;10.404468481211536;21.215181084377996;15.20625540035859;43.03338689393878;30.243383758587473;13.944869059615183;29.20493343016638;41.37639064521112;28.383192443626644;30.096008219028114;23.76421965350526;20.439961124239883;28.772986959356437;22.388580903035184;14.498139114095668;13.292731452111514;10.695571694317689;25.912471370935307;33.05528615699526;36.04482846932851;22.77954610861112;29.256985583059603;29.9437511288567;33.208745896758785;26.25702305199727
5;3.9274184280169004;17.53872984068395;38.41715863865364;20.49831753565053;42.52766949078967;28.29931751961793;35.53907972557115;19.824799672053555;10.182996649507341;21.354896347075123;36.462963636775434;36.9422216599297;25.781060789104238;19.904544677922765;36.61721832960657;29.470041153228593;27.45523138881983;32.32839569837979;33.860261153955896;26.098655349951837;10.108777187962627;20.62129954004834;14.897619999566256;41.659461816231335;29.69941224808042;14.638422236757698;29.808086077675966;39.51972457413544;27.84788368064872;30.753780932960513;22.255157617662995;18.832815583887097;28.98974891837448;19.624046706759437;14.770616940652639;13.467546607319386;12.019199752685578;25.432096293929042;31.20773494965962;35.286167446775366;23.813987930873452;30.691322284930923;28.951949612336985;34.34031647289669;26.718400681803328
6;3.9423981905910606;18.868312704970158;37.50147694169221;20.539080778728195;43.71564738059802;29.572189311169478;35.494487112491775;19.093301850287983;9.861981974573782;22.137688051109684;38.06739083684109;37.21574710159577;26.8659685914806;19.621268853214282;37.84722119794608;28.685792914257895;27.038977298834777;32.182389433437415;33.184806751703185;26.394296751120745;9.400507764840741;20.80296990682863;14.5606342156536;42.7562293282432;30.2524747212154;15.28412912746608;29.971745545154267;40.2582724301337;27.833635106596255;30.504985430196157;24.012184143821337;17.592842259067883;26.639370485621033;19.02178164418457;14.823398081161779;13.738166593425715;12.53331765294262;25.22329424444434;31.176193887865;34.85087399471538;24.118308265837122;30.3955241419549;29.108870450592754;33.97149984063482;27.453700569641963
7;3.9890532157867087;19.282882294523272;36.28806547594869;21.83177196105943;42.593881761582296;28.198735840989965;39.281438434828836;19.478341306941825;9.594020899057142;22.241301407889548;38.16726976842435;37.02284965580685;28.767057982678768;19.960298093213012;38.022484487788155;30.841321786690834;28.154878788693733;31.979164801793026;34.19932837159953;25.469599536795474;10.114308647864846;20.951289273539842;13.766282815501963;44.57369264188725;30.136247517948256;15.235246367621707;29.64685679963681;38.48587803882702;28.33965567174571;30.335802503803183;23.984131685845675;19.15300463751691;26.617375353427843;19.66822745395304;14.988365137144239;14.47224048312441;13.427015760067897;25.717064542477097;30.161812155426524;35.701634828447;25.55741109866556;30.818223397383733;28.573545678806937;34.313616269088875;27.225217441595735
8;3.7501059845885893;20.312789256644628;32.3526941239621;19.26409152517352;40.21256331064001;27.555944680526657;34.906968120206784;20.29609232859122;10.252933094224172;21.53588136022256;35.25878504901314;33.63941699318807;26.31048089964449;17.896781924705202;31.24633192004651;27.34272039317484;27.8730500169237;30.15549338697084;31.738884108437638;23.033189698351748;9.170901966134469;20.670948298006053;12.112391314045471;41.78308500515894;29.204733874452177;13.39697220359384;28.957568853112157;35.06817030554867;27.24043114595981;26.078771870914164;22.500429398808404;16.732639371717077;26.470182759473936;19.04141095716676;15.22852619954861;14.378372092221042;12.665120548135036;24.070103845882763;27.440272380220133;36.048076326815334;24.449401842248104;28.020681961719436;27.697973266408795;32.60081881137209;25.641148258346995
9;3.5863314517821028;19.718334593829617;30.086917395172218;17.862238703106396;39.75322706778837;24.844082493868527;33.30716954319472;19.17039046122719;9.933591341084767;22.124374906356508;33.483822498618174;31.602961740734447;24.38108940025189;17.50400669207144;30.06993261973607;27.238855419567905;25.727689532873967;29.26911864688132;32.01833022335593;21.169905933290902;8.840439643201154;19.86601943186417;11.634479600380676;41.720950459153414;30.194268976110006;13.45032937099456;26.933008163131955;33.46462860926482;28.32151527838857;24.741601450698298;20.70795022144287;14.92318534680728;26.060246532919194;17.32259257391394;14.893793890213791;13.382596658876173;13.223488580463757;23.316900696056088;26.757278837907254;36.14913634999794;23.565600346636344;26.595398398122434;25.038823561801376;30.5897566533459;25.460338358949013
10;3.474300813007878;20.029643542774046;31.863575256628014;17.034846010715217;40.423138928780155;23.24778064212287;33.685709070392164;19.802457314552182;9.6803516731059;19.95340046872719;26.079939046102503;32.95155004650485;24.020867810760294;17.752868117940206;29.147957135748413;27.2577820792197;25.605514861776513;27.97422032564798;35.2645140230619;21.377895889850258;9.402955413074054;18.881444026626873;11.7486664027904;42.587001324614796;27.396454844918722;11.911927230821789;26.14405603765149;31.63901719542291;25.713117556526853;22.986265496427276;20.161137567362406;16.10705862738048;24.998345253315726;17.963509314794926;13.200711415699088;13.607089490004434;11.511198505377102;23.29087528698674;26.304971505491064;36.171204013098695;21.79679294491541;24.828675549660158;24.97895628808796;28.09948636256465;23.334573818647858
11;3.3766118166682824;17.581742257329992;32.07149442103404;15.15375420798161;41.10874520020361;23.40680108121045;33.606318005892156;18.721738260021606;9.455193411734385;18.425619710016715;23.64337527750439;30.223159050330583;24.03629311257874;19.235953499607984;31.910314942019514;25.697740006356312;26.113518511866925;28.461171939103746;33.59956055425423;22.155384485145337;9.439480312399436;18.922587143257527;11.993406316104492;38.92332642680911;28.5849285684678;10.945114845332455;25.23538746080007;31.365109120363343;22.00634039613204;22.364894121597523;18.44132397508239;16.573072862174996;24.057517028440582;17.64089475113357;13.014483943764276;13.603346266507115;11.197623850195052;22.647141818877127;27.676202296329784;33.037920385219216;19.864754324820762;27.97834729499837;25.85162954481257;27.219506182105214;20.789678659765197
12;3.2925201000460174;17.907838068198792;31.708124413690037;13.877468355325338;35.06291586938819;24.103612129008013;31.7481565298935;18.470210661623106;9.809880196957282;18.020251211836754;24.14844458404757;26.91594079969529;23.279884629829468;17.95202899321007;28.609973033897806;24.98159979624768;26.01305785142073;28.9911877956332;31.023923994044434;23.82857368742178;8.269559492819894;19.652000267091672;11.64321466953461;36.49658485316771;27.96769079246587;10.084667737868095;24.128288065353242;33.031611332664646;21.308614433716762;21.088686226889653;19.380494892513212;15.965647599016608;24.46009631980532;17.4542369154378;14.591164089464955;13.921118211692937;10.713351392022092;22.508395712186964;21.180463179728452;29.136904334871357;18.093728062861324;22.7572455739508;24.57867411351783;27.186103743186298;19.403546929319543
13;3.368932818722109;15.320313691482815;33.6491497087585;15.510056676602668;37.13786954201142;21.074306020349233;34.2252926412366;19.667914965683174;9.555022355679634;17.060063432488786;22.983065505568913;28.235281253833794;22.125238051710035;22.571599963162893;31.54231711345713;23.921600195704386;24.719352967800305;30.799333025781156;31.779101177014766;25.136130514488496;8.421642447095856;19.264405432944613;14.456141522193136;34.06832466286943;32.93065190567901;8.007846870433637;24.417146612580975;32.082049237526384;23.547702837264005;24.070908310496474;19.69846198833314;17.82957350839509;26.49507711436688;20.20067373323937;15.833432925222215;14.374368139782137;12.68540887049624;22.74439303406737;22.29122854439779;28.834468737567885;17.312858314031537;24.45948367197306;26.05294581697144;27.177179493216975;20.79542270317712
14;3.6576241047333284;16.04779949875677;35.450666306231135;18.922282562749;38.48658268055234;25.786205409983953;37.31224103862871;20.359372928435814;10.064591361652967;17.798501674360047;25.34294269789819;26.709755043497662;24.030138192549703;27.179770519371743;33.489240369161685;23.750178895451217;27.07608202287379;33.201626867772674;36.3218081075738;25.621805685807086;11.726883951936358;19.47302611597115;15.137362837551432;39.063615919362555;36.378074584346805;8.302864037914532;26.76186356836669;34.07893137912865;26.161828680964522;25.293646137508734;21.645591659778862;20.56176266063725;26.526418948041204;20.46418343476585;16.94919505698843;16.07966826366651;15.245869583147789;23.611916179547602;24.71547757630221;31.920077105728055;21.68398578781277;30.18988133713159;26.102964642205993;26.8121552840713;26.08959564525868
15;3.6454447453362793;16.091947286956884;37.16576095786089;18.559178513781376;36.792520866525386;25.65709306825313;37.94800899914582;20.319402775448502;10.324981982442132;17.774568352944282;27.022341159720515;25.909786708219794;24.588924299136288;28.453901910384587;32.447564341497625;23.026831270802003;28.595590469847394;34.34756673365725;30.193152667856083;22.821563506316718;9.382024910422937;21.494600750279304;15.782018889392994;38.92267863944613;39.953176571409905;8.662311702879226;27.153372531036617;34.14305291299941;26.76477528612555;23.008701871129674;22.474228646368495;18.886905552489512;23.932150810689322;19.162938185552434;16.050142591363386;15.622784237834464;13.540679402034627;24.332945223229252;25.075247461585526;29.295033167240835;22.547179816030933;26.804837290212753;27.63322107227626;25.01020046555093;21.774824070643007
16;4.041627584163048;18.537132894475278;40.717424857627634;19.075660062509886;39.04039750987321;29.80221137349884;40.81301158252065;20.147308334930603;10.67293765158446;22.584314056530697;33.76124566341946;26.259142473094737;26.395343132419264;31.429539322611475;34.40490713874812;25.858050690501404;30.466542670142026;37.18865812692322;34.9741236429335;28.606158319773844;9.924312182329693;23.085922599606842;17.846725095158924;47.64283612272301;43.726870218900075;9.21701647002203;28.061879557007202;41.35066639270525;32.07888463005319;26.43709793493424;25.463445285280795;20.153928011511503;26.977342991063246;21.87363522097946;18.654042078572264;16.963600556727883;12.06336586216169;26.657251838419064;26.04200139156357;31.387799882590674;21.905013533512765;26.65009390466711;31.270100538331402;29.370424274996815;23.05037221269685
17;4.152045078068984;19.079955338996403;37.94341670432878;20.096786983240406;39.64812551354042;31.566667177514308;40.394838530088215;20.589885101689507;11.24942968164112;20.587982599276316;32.61785743776637;26.825725680788576;28.126353114139135;32.26829281390427;37.24488651107785;28.099358046204166;33.500966483800894;38.01317368685178;34.42677446067316;29.321857402216654;10.999975711465272;22.443601714862183;17.621705423275777;49.89397646888406;38.742414172773096;9.98491481506983;32.380141879084626;45.09602560347153;31.08687299385568;25.713948715081735;26.51342189470407;22.270019482394893;29.477629940978435;21.918108930494988;18.05836738851447;16.474176371458395;9.850356202375266;26.417663692462767;26.768168630389113;31.82917384664174;23.854144970096904;28.46896282019345;30.822973756604487;30.127320400437537;25.279680355728207
18;4.587834960983273;21.494609820323987;41.802807911926095;22.381890408824077;46.57370480218969;32.16241232549608;46.787125753051605;20.346107066677522;13.986824189114813;22.95391226968639;36.44806943215961;33.72708642850502;33.3692896711444;35.9763300776204;38.053879722403;32.07597688804387;37.13716580302805;39.53003063470594;35.22971856382106;31.544068507290156;12.63077401054755;28.77043052200215;20.67689760176276;56.47447225207354;43.2518597813735;13.280187241661991;33.65772194421756;51.936532718251506;31.40107489107034;33.38238099253046;29.13958277507392;27.000339796829888;31.785847357649377;26.87243513869284;16.032747563254794;17.74493455298988;9.84757023466836;30.201771613945972;30.54826402088021;36.803240906678674;26.494946754022326;31.765396948165215;32.23392007805078;33.87138367443042;25.588683547582974
19;4.850367070602232;21.829098638250997;42.50086463467892;23.962021024464928;45.160721503931335;35.0336530595743;48.72914202466691;19.966720061728598;14.270452909538795;26.06318118838536;38.96884325886806;35.05175505958628;34.93454812833931;37.678413621315926;42.56532626177978;35.92420014583389;37.826869032426636;44.85108505125321;35.683745474853914;33.494993940076554;11.992198632006566;32.59593712571516;25.56307546210913;55.54688600441903;45.811057561503304;14.205957737738315;37.545911148537215;57.696863433767376;32.31089229012637;33.35747737587062;31.102271735555664;27.33170627970231;35.34317077690016;28.405807778766984;17.50173810690474;19.557585224090566;11.616320755575176;30.379975450796575;35.81014670358581;36.904706768956345;27.7482294760385;34.4468806661351;32.28366222910836;35.96276493501272;27.762123694919698
20;5.357680861769203;22.085902426717496;46.4639486397444;24.373243075563682;50.09676442906975;34.360932524586794;53.941227037829755;19.70192936499621;16.156221604704175;31.586650373394992;41.46237149459898;43.928843555636135;38.64111843544419;40.1248996212156;57.32726458101571;33.73870321231327;44.34558946996801;51.640255389728594;44.11265102329819;34.62430547155043;14.516242248059427;33.11051759114682;27.89671351712476;56.58786905655317;47.95851873891761;14.191865119199724;38.65539524670258;61.99982995009981;35.00767339539297;45.34542754910137;34.50969152090585;36.54036850415006;42.67353250216122;31.87426952795404;17.657096849500903;23.036367782977905;12.765326919922796;31.579352447455634;40.424049936453024;37.268551461006545;26.769154417500896;40.15819693592067;36.00468444291799;40.480024487437404;29.88242367969655
21;5.490976853089869;24.712345883251754;48.784053095038566;25.976995842586213;50.974458265196475;38.235935658123424;56.57907187341108;20.671193357280487;16.48122974733344;31.257769335768003;40.25934104122339;42.91021916138692;40.259556016606965;42.80070641931359;53.24741418255331;36.25514143117752;43.5582728728334;51.06628183156413;45.77831529007661;36.52917379159646;15.56799838637243;33.2213151125384;27.64458646379435;60.23821477335905;46.43906495327384;18.376441669420345;41.69940258058688;65.91491210160963;34.848204981801366;37.59256878358178;37.471664614395564;35.71504239622676;42.35909581473628;34.02822798718408;16.10544010423311;25.589501536786237;12.999025768244488;32.737392675066914;43.901327202619726;37.80474030879039;29.248890485545765;40.45512941201485;36.59705969826352;42.672485214850894;31.65781600448911
22;5.782443951616104;23.515622201978136;50.018620828932846;28.757741956560473;55.49742698851913;40.912862998648386;59.915639522512045;20.63165371657353;16.850537483338837;34.5136080887342;42.07621613116131;47.75047674203265;43.00037997224696;44.76739020582074;53.132396101759184;44.372923116859724;42.785237964039275;52.79041538805781;50.48060863018552;39.23775464961113;15.802516485547146;37.5326056245841;26.904677493901634;63.12382020410025;50.27676697882355;21.695942746201123;43.45408432290919;71.31074393359275;38.166883063139004;37.11855983760369;39.30650728525937;35.634318602922185;44.5176036691541;36.10543921727545;17.70769234248719;26.582784338415156;14.577165934073937;34.30587605639888;43.148354948219435;44.82396210417129;33.77355354924356;41.2189638361257;36.87193844461009;42.62459384556453;33.345772543483825
23;5.936960920017713;24.508578766495003;50.84656155308102;32.421639587421765;62.1350892686719;39.45107821765676;61.32943565109687;20.62109854128472;17.43806832878948;36.61404071422679;40.88427390014579;44.41840755562828;44.38714680377034;47.086033390961695;50.48088070798692;44.69050058003364;47.12662950267172;52.037368279166415;50.44112703356042;42.203568493569406;17.052051685524837;37.23548858278407;25.063243675419873;62.34765585809803;54.37168504895966;23.179585994448402;43.00653952908191;65.67149598141239;40.16714257986338;42.113486719034384;38.91547296808967;32.23390327485603;48.18311483992315;39.56308921905846;24.941465389930265;28.269718005318094;16.434318218464746;35.79948908097616;43.21161865452229;47.533677925578644;33.625948238430226;42.40984060427853;36.21328555620466;45.59819918634464;34.70695001337108
24;6.038011725090347;26.60436721835725;51.47683526011571;34.01330585916731;61.448612112246046;42.88685505277674;64.20989493216638;20.666797792278356;18.096923009661218;37.278141610310044;40.36165938132634;47.3245628708826;45.52045747614428;45.06426496085114;52.90501710097838;45.865013350155905;50.50881847319242;48.43621431031165;52.56025314760294;42.61478654308517;16.686547665802415;37.41124694304441;21.959679549904003;67.57073670171197;49.123884517581075;24.676037332339085;47.54640751916818;69.4062303236107;42.930985816184695;42.930290131668755;39.205594034279514;29.05299460887129;45.74535986386502;41.896752984631526;21.55895391115779;27.58069747471611;18.212504968954114;38.484252783347756;46.44395812578675;44.586692440653444;35.18873225536054;41.51180427917524;38.08096264143978;48.31070403793049;31.34090364347035
25;6.3656243091961455;30.14047813335885;50.20836388576174;34.760318175140206;55.45428528703135;41.91528570666203;64.26671240838164;20.649953471991918;19.50175276139731;43.39647974513127;45.63508159602371;48.959318170700335;47.91416803659346;44.308211626093055;58.617240891024124;43.958391495469684;52.91450538748349;54.337969165429655;58.23244629329295;45.215672339961145;15.160522464406112;38.26589487007826;24.800539093587393;74.48714933926385;51.19335453990126;24.61563903853678;50.51036386765584;74.37397457031643;42.63006203478923;44.91285335652028;40.57725711777995;29.122469141933994;51.50325500621788;42.066266025510984;21.763333990719673;26.647307625560334;20.698690280254223;41.192600602898125;54.730736760394436;48.93719049312573;35.453157475859605;45.114504278775954;40.83097665915571;48.27681946513579;36.53352461880209
26;6.512995263934744;27.007516746700695;50.88110306128143;33.644893204191426;61.54704385405485;45.24434116848643;64.4109148920861;20.735948847884362;18.770794938615577;42.28679953025831;52.175993320553815;50.314734280739955;52.68503388862917;45.02024731951713;59.316197100672774;42.25005780081359;53.828118087462606;52.89089886052911;55.18101949999331;43.64287846266646;15.881309946627258;39.0547425748309;27.869307214117363;76.11305430799663;52.48418302376856;24.485390477918134;52.274126866248736;73.32922639670765;42.42512728292046;45.86681280925322;38.367064048612946;31.894220247358597;49.52809053189335;42.71222072103508;21.22180868407782;24.928731830661693;20.90881922675461;41.71711890153226;51.39506861809716;50.895520135888106;37.255622135553196;47.66175071300563;47.00434482574334;48.97998612188427;35.75502144305047
27;7.0789536444907135;33.86779946594136;56.98234165362034;37.93451151548084;74.22623271432225;46.54269262648245;73.12636163976089;20.81442332584747;19.13640707290729;45.22081069678489;52.68071305819243;56.79492407386573;57.75340515202437;47.72700582105978;62.759849398437254;46.671096975724105;58.09712120603603;59.00262287858523;60.13719114618712;51.360950372211555;17.921284157615457;43.72479719480869;32.38663251951206;84.5510290236894;55.72043499752577;29.780769217951697;54.13583432906026;76.95998024571806;43.14248320852956;45.08741011908113;42.760583860678935;31.564220373892688;49.68929053067468;46.000863944481964;22.019935360028846;26.539218647743972;22.591030268206946;45.8405916859675;60.87220833492195;51.390621164370565;39.495527218714614;55.19534200670036;52.74052354590436;53.44298114922679;39.87222430268615
28;7.546636730181998;32.0322385824435;62.832591918034566;43.82606109892133;76.59892291749473;48.19656395830438;79.63393978473103;21.080827124845598;19.22410981377553;49.1211658267228;59.07585091354789;57.821722856500735;60.77039356168924;50.12679642220089;68.19348449356325;52.99781013503805;58.46522610450254;62.43842670282847;63.30765850831735;47.10444424620601;18.377092195535376;45.44495798091839;35.03076209611375;83.76991813802077;63.48481825255408;36.50643827149333;54.004356519447605;75.241028649852;45.52460415193141;52.93825664492934;43.27660968995572;35.222157553977205;47.60406338363474;47.371243671488195;26.33310775028298;27.202436620809568;21.213474580480828;46.12078732324963;62.00131658223596;59.47677619149771;42.82156314646964;64.16665442347295;54.47085337330013;57.81645120580423;46.05303833567405
29;7.765526615573403;33.794476573239024;65.59909943908585;40.539432412926914;84.0821539878829;51.7246548000966;78.32801562377816;20.984882291307315;18.74223484071221;49.08120656035271;61.40376378050423;59.174889862420564;61.74466513591984;52.2694637141737;68.19617072557746;55.26241881558312;57.711203210714565;67.9547934670824;69.53938202612723;51.55346336212017;18.232422527382287;45.225626269752105;35.098759765980795;86.16719134023654;67.04983536578428;33.39218120039699;58.09474358468345;72.55319799437987;49.47825084259932;52.76060880379143;44.36444581884867;37.41619926738651;48.44965620747199;47.42535104716782;30.084760953485684;28.668728014085442;23.263237505277353;45.85013418053342;64.77076202375972;64.09266546342856;45.46754428266695;64.52257578455146;55.82167483089798;57.75797481856117;49.812949467651144
30;7.939586767691163;37.33732682790708;66.28565707023222;41.44925402456505;86.06305148215236;55.1825190590887;78.8839182476467;20.433900007914946;19.12339946991545;50.300204328329635;61.853264849156695;58.08691162519375;63.00596633062114;54.60774074878023;67.4326829000845;56.017919257260296;60.9961067243317;68.93187518847019;70.94166654475448;53.36682607468266;18.125007703289224;46.58485536525429;35.24574177175618;88.59141115671267;67.38558655952313;31.189480457357444;62.92020659477032;75.99026663355993;51.82569695758757;53.632032208956794;48.80981730879866;38.98090693387215;48.21096606357082;49.448544891220784;30.67408393262551;29.47509814019848;22.674804192058723;47.79798249640656;68.77724162002811;67.63026067948624;45.59762446512269;64.86416579447956;55.40795756847723;54.98313301033584;52.78517469453627
31;8.166919967356465;40.76471682104548;70.59505673400072;43.91993357768234;86.89634221923735;57.008110870232464;83.45428096557652;20.732827654673624;20.74592891522927;48.10432070136072;60.67356957310537;57.319390163051445;64.3004553801714;58.41819649702001;69.78092115853389;56.19997038539181;66.53839985358336;72.57139085526543;73.84567550547317;54.906869530139815;19.62719836228299;46.801185995686986;39.068686202589326;87.52434145092009;68.23350422414146;31.33833250431326;63.42265752331577;75.76457814069977;51.87556209289045;50.116585472888964;50.21244789421652;42.25785711319376;55.938681924655384;49.953018356532766;32.21845123783682;31.836751579970503;23.315298160688656;48.95961785143131;68.98341633947378;65.62640798307446;47.84133093180844;66.17323318726224;58.43663138144589;56.94899820920833;55.86077251544458
32;8.559953897732814;40.85472724290094;75.18252740074603;48.75434118214695;90.65764409213182;62.2339398085063;89.43758851972824;20.462127398254047;22.851921123509438;52.74027626760148;68.33042129484777;64.2497918805093;63.95809602003952;63.91900313944693;77.64040163361958;56.98276510304049;66.6148210182822;69.98517519370984;78.5090370053978;52.86405394056363;19.872913639533216;48.73624821076242;42.669797343011254;92.18745814242847;71.72356295448093;31.279342776723716;67.33772145782032;78.5308508851875;56.57102072857887;54.68675461689102;51.563300607907316;44.906711237649525;54.80796764396906;50.222927548776866;32.98750649361873;35.075769427771355;22.87192471776465;52.239748924805255;73.10776442576137;68.95203193801099;51.66151256977163;72.85051863520209;60.53696493892846;58.42750034739799;57.046952613802524
33;8.965604040744086;41.12469046000437;79.96371550588296;51.986905619515;94.06558157614757;62.68533934300358;96.27187748188936;20.53246591851878;25.401557674929485;54.982750182502315;73.54723128059481;75.36526572941611;64.43034783332241;66.49088109602236;83.5736944377799;59.040465033616194;69.29223492022862;68.94432646602463;82.65441380294087;52.95334860330144;20.567523948282503;51.2280642339215;45.6752362405704;98.43982663602712;75.21952084875745;30.428786524655948;70.88420771570529;81.98053235210618;58.0142380373709;58.6312499599881;52.54515803360904;46.07545783676563;57.51808031853588;48.473203932527056;31.09707335311892;36.77646217172296;21.373904639528433;52.212835862447484;81.73353694116074;76.36377455747146;56.97824100272704;76.31281821238947;60.12089274904655;60.1951245812539;58.37623623134712
34;9.268738672798502;41.01480724507615;80.36387480300019;50.45269653342459;100.70859916210453;69.39168633564621;94.64028702478669;19.71119749188296;25.61670183679883;54.392629589761164;81.37814759392396;75.13941696920105;67.07092665584031;67.42405882887371;80.68176911615727;58.6445037846445;73.1607665685513;83.39777943623686;87.69984414593274;60.42193863594183;23.660630278590656;51.32570929095436;44.42280977722198;100.38080945293059;79.76879676105345;30.536069318018733;72.56755492848241;81.98287555262911;58.48822662239822;60.43379973377561;54.72899387611878;46.50398464664895;60.25217520905003;57.202356368312365;32.35396353390697;38.78734192486197;20.837637680923038;53.31360596840503;83.01100843556348;76.67795723624026;56.370620728321555;78.44125928990567;61.2890224956711;62.435377940464306;65.77927758007431
35;9.027534123683125;41.82262285946266;82.13339600115575;47.007917954128814;103.45915561243919;72.75604093577891;89.20900620550279;19.229483023488754;26.391686915058436;52.69523349187115;75.35470355374459;74.80725370031969;62.970086711016414;64.62292211389948;80.3223169493437;53.382864785999686;69.55952915354048;81.40655817973084;83.04730441268245;62.03105611760432;24.16717208111542;50.50028826189401;42.74354832376918;97.80904634072459;78.58647520140023;26.1658925738569;72.68284593461625;81.51871891100878;61.076209157761966;58.054313340002395;51.828374546537006;46.03354540845512;58.949901076743984;58.37618862638789;33.858506317136424;37.18897068243265;21.739794165087485;52.78486215902952;76.50263026307029;73.11439842864431;52.57345995388072;74.99947206111227;61.96086029376697;66.01860947222453;63.753438619584045
36;8.975895196196188;41.35237967825346;83.49717545550484;46.16600468122795;109.61999975588954;71.52779362338958;87.48860449819662;19.052804583584994;26.255665485749553;50.293321239037525;73.0447805719978;75.86131689802905;61.64172360144131;62.187887066074765;79.55121742815464;53.37395169710055;71.89328926422775;81.64555887400827;88.47387269788032;65.03748474572836;24.389594949437896;48.89503835319747;41.472528567010826;93.95582711472755;76.41844740228444;25.063226554047997;71.60067938681813;85.85478932097335;57.03418745769899;53.78983891335941;51.621732637411114;48.075482112584105;58.21063234607635;59.25661133710486;29.48203053063757;37.30265624311564;23.755430929726568;56.619506418511826;76.49854044091391;72.48788429986541;49.061141035795266;75.9811672510001;63.17460993657171;68.31421839279005;61.55755051172408
37;9.32687315755119;42.12605042096611;82.42848188567847;48.67546964615402;109.21257041668903;68.73991276678667;94.70352995451819;20.14485818968579;27.38708055071191;52.86078731285768;83.42125906211557;79.01687689962617;65.47424572090462;64.87464144540182;79.46598608130886;55.36946519625554;71.04252151832513;80.15955078287797;93.25243760128578;62.16039943466766;25.665747133660123;50.66308415226217;43.337121260172296;92.81990142881112;82.48999525528896;26.080255448867252;70.25202926520583;91.99191612969922;58.080790482295555;60.21598784832379;52.7709174348034;52.12049322184282;62.42416724894589;58.27201328911058;34.12544486016816;37.94534469489188;21.193471901411584;59.34194838154495;78.99757340170099;77.30292118226097;52.099636155249144;77.67957616257277;64.18437598860714;69.68300769958466;66.4853941518349
38;9.18296011588979;38.65862208234398;85.27017650325087;50.18918013478037;108.6383165404438;66.28884660766884;92.23249161100597;19.086726404723645;27.963218365231068;51.43809013772908;78.34333413981524;78.34280693563505;66.57180616351198;63.37102729757419;80.32240684988263;53.968038837762066;69.15733786428942;73.14705084940371;89.65712902126513;58.677317500198946;26.173504655336206;50.49006994237452;42.78985891053531;95.24179821223953;83.05847344374746;26.3838241090623;65.42107968370925;92.82182325999146;58.5793987566696;61.78613648855021;52.89783289418368;49.35363465422776;60.003667151164485;55.91720707868919;33.60108363958532;37.749092460589125;20.94351032446814;58.06297055648507;81.75527425121756;74.88809526932599;53.41869098155502;78.87979494657961;61.44386289535727;67.58423237309268;64.88055239304164
39;9.19036327826887;37.58093220144224;89.58209302772042;47.579732812484195;107.54936569482776;65.32332519535021;92.29474038556089;20.221905555832244;27.5749971076944;49.8357054432726;73.85233185276712;77.06571613557088;67.5664334298861;60.40390186175085;80.96309167061338;55.52885279090031;71.17698163587026;77.60017998682774;91.41519924523301;59.94222179633868;26.04571820437773;52.39773127432888;41.48811958025937;89.31320918874677;78.41604672213039;26.30495335250321;67.12055991030068;91.23468504733108;60.19655672832675;65.1394136068559;53.18373057955005;48.09939772222647;60.333486293209674;54.517169569185555;33.3972949651293;36.25481802949142;24.136828408902044;58.02100260974533;83.43647199827046;77.04578732679724;53.1164759960446;76.65361864879563;60.752583432259264;69.11024869214067;62.89201064008832
40;8.748062987280022;35.37776168440491;84.35512176410677;43.50929252371909;92.11413843732095;58.864402539022485;94.86484947327203;19.224941028116778;24.857648084687916;46.33562931470877;67.77949697596391;76.85969937285702;63.745940908836786;56.76729971204685;75.49730651840498;56.33244285741611;66.94919865693643;78.54661177318147;86.04460113758007;57.2039162557777;25.293839624250374;50.27290043734892;37.415558315451705;89.14982758218744;72.92293429090205;23.378480923987688;64.82120719578661;87.09548971695476;59.495320218306425;66.63481120569918;50.75507539088648;47.02919670242611;60.66304160148286;51.59571237048108;36.22007769602582;32.38790623388565;24.360793801690324;52.3314188086201;76.8802587925673;74.38138717239153;51.27553638329546;71.66846814391305;52.75455414706701;63.53372610866873;61.664259611541624
41;8.415395918604109;33.35584557217014;82.70994746256035;41.37760050338555;94.31752608548926;55.51012027515046;93.3613844714481;19.7962822178714;25.33207076821557;45.253982652552544;64.92843896778501;72.64781866584129;60.38221869278545;57.31307665129775;77.10865556101531;53.329155433922146;64.69275838709727;70.9844894436016;81.45338390336399;53.72994855938052;30.121911764234145;48.56566174009663;37.00217118162971;91.92338390834476;65.17394227106527;21.35206237192253;62.658643938589634;82.51618069139889;57.559782552718005;64.71295529619704;49.665734212823324;42.989966003781966;57.577050166713015;46.713126985111586;31.367245348520118;28.12837324499977;23.057688879972662;50.592474999277684;75.9104682455407;75.5619450532972;50.92884101960714;74.72573812216356;50.99619245129542;61.433169335495094;54.76799735039398
42;7.793911577013763;34.18336823714803;77.35391817821959;40.40461331339673;84.56797514330323;49.9403100096828;88.84424116561011;20.78888501896069;23.582373695412997;40.960107238835164;61.2562907127699;62.26666389731601;53.638564010522295;54.919016522988464;67.15866873089364;54.24198743064188;60.76645773401056;61.00473933957667;74.79056918859833;52.26501057952869;28.428549868637038;45.27408546826934;35.17214111044421;88.68529978660786;61.920421650793536;22.70027166556324;61.74375661655039;74.41088158878631;53.30726254858244;55.8155547085751;46.18915347299092;35.74882117020008;50.4508730718664;43.99519722751445;26.739886041932493;24.057024399904293;22.63580516798554;49.40075061216811;73.59129679809735;67.76856407863472;46.443855769931;67.24636631911808;49.18513148970054;58.8764124881705;51.6232032716503
43;7.551743391603237;33.75738716569853;74.69931485082878;39.85614019612626;80.17657122157131;49.32684583873723;82.8358768013546;20.76369819232651;23.00034161456323;40.55956205183485;61.19389472674834;60.045750240704685;51.320543765758885;52.00892586262409;63.850084270646036;52.49725977204848;57.90601745837887;59.007196263191496;75.70307834622483;49.780715991692645;25.569766706809556;42.774261377640435;34.43582346692486;82.42964716969936;60.97718555835318;22.435647075603047;59.73034310792785;66.8321330864287;51.09468265509397;57.69406219264218;44.28821841181429;33.89563060620488;47.98925540369967;49.704633678824216;25.137114948852467;25.960138962092337;18.86484486174971;49.28193705173225;69.58344842792006;67.23611787212867;44.241364500665895;61.513430064940465;46.48878129910154;57.204433385752154;49.53513538356778
44;6.950830078774642;29.522757054012498;68.23188857920859;38.24924930013091;72.07867330484706;48.67521129269914;72.14596617928363;20.40739634638482;21.290552440188453;36.50640554027392;57.711753849215185;55.570752722500885;50.74365111935142;45.93804477263615;62.971962943285895;45.1989518204206;55.1955995600537;58.123331463215834;63.81746802866262;46.04752547490125;20.746981577236244;36.841788230705575;32.747205782106825;73.52915628780856;56.53842066803598;20.689007723496537;54.91419315900625;59.87056886827041;47.56271214942368;52.306489481051365;39.827146362439606;33.12566455231799;46.93915265324022;46.011392272011406;26.272663254796587;23.033671160388845;17.33227550376363;45.14996468147836;64.99715496115856;58.093286617983395;41.247655921389835;52.73704604689423;43.385363444027156;53.958619132785955;46.95350111972284
45;6.438736372824094;28.4795165991314;65.7313876608041;37.13045237902998;66.12895395504833;47.6690091905176;64.27741613379705;19.83909219457292;18.406565645504628;34.59510033490415;54.30869564950262;52.66031282939837;48.49184358862199;36.36187028932051;58.36736556774319;41.977510656865306;50.644244199793796;54.97904975932902;54.36966222417532;46.582738138757826;15.322617668136166;32.38904369655942;31.332584074350343;63.59301661738952;50.59819737006488;21.58943913439261;49.35627935244788;56.62856908969084;41.95802107559115;53.05969726824662;36.64034862683245;32.2393459411263;44.48265448982651;42.01029948731579;23.598040402780978;21.77750790606291;17.098077002004754;42.595060284616274;55.523856396706286;46.14764298154619;38.22246136759949;50.66605547287103;41.01367451136837;49.283278099802985;42.701242159964224
46;5.694456205153983;26.62227237974634;53.068566539736835;30.23769641507179;62.00274502327957;43.181062518130666;57.852130830372126;20.37251228301281;16.462602630147558;34.851044897091896;47.6402917538527;50.240742557453046;40.7521499612988;30.995871710345646;50.468804094608736;37.40241172663245;44.59749572311058;47.986889018678326;48.2020603701504;39.72617440271737;16.40994192403283;29.343648601964485;27.70261638075388;59.33112034371657;45.08701845282605;18.03769694686714;45.33742616085418;46.39158158378839;35.79896753401856;40.93510885198693;33.931517408115056;30.715383062417743;44.58031520648969;35.57347491155785;22.808008197839584;19.513166387835653;18.403793230419282;37.701260768759006;49.45904147097649;41.54656886306379;31.59053403373023;41.76448662281044;39.51515869926519;45.12376209832562;37.05494252330674
47;4.975396205491951;24.446701250463722;42.985922879968534;27.718596711139508;53.77067526057069;35.91925190714341;52.8763247513091;20.598141781544076;13.947671302889253;31.737444330492327;40.58535987031411;46.04575958908779;35.081950870333245;29.705388294490586;43.36899664025896;33.55049276988674;36.773174971227704;41.135924622331146;41.46759775492181;33.86963236885354;14.34881753312417;26.937276546024563;22.240876637321144;53.8597527756461;41.12211988869331;17.891261399000733;40.707235647355574;37.72580234962926;31.175872080552015;32.243594802421796;28.73992214398816;24.51059195325596;41.56253569985661;28.043555396148502;21.065880373839903;15.826508513292364;16.353236962295764;30.985478850617447;41.44734325208746;39.82680201601783;26.137016742485734;35.02892951655733;36.49855447894059;40.90058483852029;31.526179939599334
